Contas a Pagar;;;;;;;;;
Catagoria;Descrição;Vencimento;Pagamento;Valor;Valor Pago;Status;Parcela;Fornecedor;Unidade
01.19-Laticínios;PMG;31/05/2022;31/05/2022;R$ 1.917,53;R$ 1.917,53;Pago;1/1;01.15.19 - PMG- Pama comercio de alimentos;Inverno D´Italia Bragança Paulista
01.16-Doces;REAL BOLOS;31/05/2022;31/05/2022;R$ 66,00;R$ 66,00;Pago;1/1;01.16.06-Bolo de Pote;Inverno D´Italia Bragança Paulista
01.20-Salgados;ALTEROSA;31/05/2022;31/05/2022;R$ 82,90;R$ 82,90;Pago;1/1;01.20.01-Alterosa;Inverno D´Italia Bragança Paulista
01.21-FRANQUIA-Pedido semanal;FRANQUIA;31/05/2022;31/05/2022;R$ 1.128,30;R$ 1.128,30;Pago;1/1;01.21.01 -Franquia Inverno Ditalia;Inverno D´Italia Bragança Paulista
02.10-Vale Refeição;RESTAURANTE CASARAO;31/05/2022;31/05/2022;R$ 1.194,54;R$ 1.194,54;Pago;1/1;02.10.01 - Restaurante Casarão;Inverno D´Italia Bragança Paulista
02.14-FreeLance;Saída do caixa 1815. FREE;31/05/2022;31/05/2022;R$ 192,00;R$ 192,00;Pago;1/1;02.14.01-Freelance Balconista;Inverno D´Italia Bragança Paulista
02.08-Vale Transporte;Saída do caixa 1815. V.T;31/05/2022;31/05/2022;R$ 50,00;R$ 50,00;Pago;1/1;02.08.01-TRANSPORTE;Inverno D´Italia Bragança Paulista
01.11-Delivery;Saída do caixa 1815. ANTONIO;31/05/2022;31/05/2022;R$ 115,00;R$ 115,00;Pago;1/1;01.11.01-MOTOBOY INTERNO;Inverno D´Italia Bragança Paulista
01.11-Delivery;Saída do caixa 1815. LUCAS;31/05/2022;31/05/2022;R$ 10,00;R$ 10,00;Pago;1/1;01.11.02-MOTOBOY EXTERNO;Inverno D´Italia Bragança Paulista
01.20-Salgados;Saída do caixa 1815. PÃO;31/05/2022;31/05/2022;R$ 10,00;R$ 10,00;Pago;1/1;;Inverno D´Italia Bragança Paulista
01.11-Delivery;Saída do caixa 1815. RODRIGO;31/05/2022;31/05/2022;R$ 100,00;R$ 100,00;Pago;1/1;01.11.02-MOTOBOY EXTERNO;Inverno D´Italia Bragança Paulista
01.15-Mercado;Saída do caixa 1815. JOEL AGUA;31/05/2022;31/05/2022;R$ 12,00;R$ 12,00;Pago;1/1;;Inverno D´Italia Bragança Paulista
01.20-Salgados;Saída do caixa 1815. PÃO;31/05/2022;31/05/2022;R$ 5,00;R$ 5,00;Pago;1/1;;Inverno D´Italia Bragança Paulista
02.14-FreeLance;Saída do caixa 1815. FREE ADRIANE 30/05;31/05/2022;31/05/2022;R$ 48,00;R$ 48,00;Pago;1/1;02.14.01-Freelance Balconista;Inverno D´Italia Bragança Paulista
01.07-Manutenção Geral;ELETRICA CASTRO;31/05/2022;02/06/2022;R$ 90,00;R$ 90,00;Pago;1/1;01.07-01-MATERIAIS EM GERAL;Inverno D´Italia Bragança Paulista
02.14-FreeLance;Saída do caixa 1814. FREE;30/05/2022;30/05/2022;R$ 96,00;R$ 96,00;Pago;1/1;02.14.01-Freelance Balconista;Inverno D´Italia Bragança Paulista
02.08-Vale Transporte;Saída do caixa 1814. V.T;30/05/2022;30/05/2022;R$ 70,00;R$ 70,00;Pago;1/1;02.08.01-TRANSPORTE;Inverno D´Italia Bragança Paulista
01.11-Delivery;Saída do caixa 1814. ANTONIO;30/05/2022;30/05/2022;R$ 152,00;R$ 152,00;Pago;1/1;01.11.01-MOTOBOY INTERNO;Inverno D´Italia Bragança Paulista
01.11-Delivery;Saída do caixa 1814. LUCAS;30/05/2022;30/05/2022;R$ 10,00;R$ 10,00;Pago;1/1;01.11.02-MOTOBOY EXTERNO;Inverno D´Italia Bragança Paulista
01.11-Delivery;Saída do caixa 1814. RODRIGO;30/05/2022;30/05/2022;R$ 92,00;R$ 92,00;Pago;1/1;01.11.02-MOTOBOY EXTERNO;Inverno D´Italia Bragança Paulista
01.13-Embalagens;PONTO CERTO;30/05/2022;31/05/2022;R$ 79,80;R$ 79,80;Pago;1/1;01.13.01-Ponto certo;Inverno D´Italia Bragança Paulista
01.20-Salgados;ALTEROSA;30/05/2022;31/05/2022;R$ 117,90;R$ 117,90;Pago;1/1;01.20.01-Alterosa;Inverno D´Italia Bragança Paulista
01.16-Doces;REAL BOLOS;30/05/2022;31/05/2022;R$ 145,00;R$ 145,00;Pago;1/1;01.16.07-Real Bolos;Inverno D´Italia Bragança Paulista
01.17-Hortifruti;VAREJAO;30/05/2022;31/05/2022;R$ 45,00;R$ 45,00;Pago;1/1;01.17.01-Varejão;Inverno D´Italia Bragança Paulista
01.13-Embalagens;PONTO CERTO;30/05/2022;31/05/2022;R$ 78,20;R$ 78,20;Pago;1/1;01.13.01-Ponto certo;Inverno D´Italia Bragança Paulista
01.15-Mercado;SPANI;30/05/2022;31/05/2022;R$ 189,44;R$ 189,44;Pago;1/1;01.15.06-SPANI;Inverno D´Italia Bragança Paulista
01.15-Mercado;COMERCIAL ESPERANCA;30/05/2022;31/05/2022;R$ 704,05;R$ 704,05;Pago;1/1;01.15.09-Comercial Esperança;Inverno D´Italia Bragança Paulista
02.08-Vale Transporte;Saída do caixa 1813. DRII, JUH, AMANDA E FEH;29/05/2022;29/05/2022;R$ 50,00;R$ 50,00;Pago;1/1;02.08.01-TRANSPORTE;Inverno D´Italia Bragança Paulista
01.06-Freelance-Temporario;Saída do caixa 1813. drii e juh;29/05/2022;29/05/2022;R$ 96,00;R$ 96,00;Pago;1/1;01.06.01-Colaboradora Freelance;Inverno D´Italia Bragança Paulista
02.05-Horas Extras;Saída do caixa 1813. juuh e drii;29/05/2022;29/05/2022;R$ 42,00;R$ 42,00;Pago;1/1;02.05.01 - Hora Extra colaboradores;Inverno D´Italia Bragança Paulista
01.11-Delivery;Saída do caixa 1813. EDUARDO;29/05/2022;29/05/2022;R$ 15,00;R$ 15,00;Pago;1/1;01.11.02-MOTOBOY EXTERNO;Inverno D´Italia Bragança Paulista
01.17-Hortifruti;VAREJAO;29/05/2022;31/05/2022;R$ 80,00;R$ 80,00;Pago;1/1;01.17.01-Varejão;Inverno D´Italia Bragança Paulista
01.11-Delivery;Saída do caixa 1812. MANUEL 21;28/05/2022;28/05/2022;R$ 127,00;R$ 127,00;Pago;1/1;01.11.02-MOTOBOY EXTERNO;Inverno D´Italia Bragança Paulista
01.14-Gráfica;Saída do caixa 1812. PAPELARIA;28/05/2022;28/05/2022;R$ 10,00;R$ 10,00;Pago;1/1;01.14.01-GRAFICA OUTROS;Inverno D´Italia Bragança Paulista
01.06-Freelance-Temporario;Saída do caixa 1812. JUH- EMILY- DRII- AMANDA;28/05/2022;28/05/2022;R$ 216,00;R$ 216,00;Pago;1/1;01.06.01-Colaboradora Freelance;Inverno D´Italia Bragança Paulista
02.08-Vale Transporte;Saída do caixa 1812. DRII- EMILY- JULIA- FE- LE- AMANDA;28/05/2022;28/05/2022;R$ 60,00;R$ 60,00;Pago;1/1;02.08.01-TRANSPORTE;Inverno D´Italia Bragança Paulista
01.20-Salgados;ALTEROSA;28/05/2022;31/05/2022;R$ 165,80;R$ 165,80;Pago;1/1;01.20.01-Alterosa;Inverno D´Italia Bragança Paulista
01.13-Embalagens;PONTO CERTO;28/05/2022;31/05/2022;R$ 232,90;R$ 232,90;Pago;1/1;01.13.01-Ponto certo;Inverno D´Italia Bragança Paulista
01.20-Salgados;ALTEROSA;28/05/2022;31/05/2022;R$ 44,00;R$ 44,00;Pago;1/1;01.20.01-Alterosa;Inverno D´Italia Bragança Paulista
01.15-Mercado;COMERCIAL ESPERANÇA;28/05/2022;31/05/2022;R$ 337,53;R$ 337,53;Pago;1/1;01.15.09-Comercial Esperança;Inverno D´Italia Bragança Paulista
01.13-Embalagens;MULTI CAIXAS;28/05/2022;31/05/2022;R$ 295,00;R$ 295,00;Pago;1/1;01.13.05-MULTICAIXAS ATBAIA EMBALAGENS;Inverno D´Italia Bragança Paulista
01.11-Delivery;Saída do caixa 1811. LUCAS;27/05/2022;27/05/2022;R$ 10,00;R$ 10,00;Pago;1/1;01.11.02-MOTOBOY EXTERNO;Inverno D´Italia Bragança Paulista
01.11-Delivery;Saída do caixa 1811. MANOEL;27/05/2022;27/05/2022;R$ 84,00;R$ 84,00;Pago;1/1;01.11.02-MOTOBOY EXTERNO;Inverno D´Italia Bragança Paulista
01.16-Doces;Saída do caixa 1811. COXINHA DE BRIGADEIRO;27/05/2022;27/05/2022;R$ 60,00;R$ 60,00;Pago;1/1;01.16.04-Rafineé;Inverno D´Italia Bragança Paulista
01.15-Mercado;Saída do caixa 1811. AGUA;27/05/2022;27/05/2022;R$ 40,00;R$ 40,00;Pago;1/1;;Inverno D´Italia Bragança Paulista
01.11-Delivery;Saída do caixa 1811. RODRIGO;27/05/2022;27/05/2022;R$ 84,00;R$ 84,00;Pago;1/1;01.11.02-MOTOBOY EXTERNO;Inverno D´Italia Bragança Paulista
01.11-Delivery;Saída do caixa 1811. HEBERT;27/05/2022;27/05/2022;R$ 22,00;R$ 22,00;Pago;1/1;01.11.02-MOTOBOY EXTERNO;Inverno D´Italia Bragança Paulista
01.20-Salgados;Saída do caixa 1811. PAO;27/05/2022;27/05/2022;R$ 21,00;R$ 21,00;Pago;1/1;;Inverno D´Italia Bragança Paulista
02.14-FreeLance;Saída do caixa 1811. FREE;27/05/2022;27/05/2022;R$ 192,00;R$ 192,00;Pago;1/1;02.14.01-Freelance Balconista;Inverno D´Italia Bragança Paulista
02.08-Vale Transporte;Saída do caixa 1811. V.T;27/05/2022;27/05/2022;R$ 90,00;R$ 90,00;Pago;1/1;02.08.01-TRANSPORTE;Inverno D´Italia Bragança Paulista
01.17-Hortifruti;VAREJAO;27/05/2022;31/05/2022;R$ 45,00;R$ 45,00;Pago;1/1;01.17.01-Varejão;Inverno D´Italia Bragança Paulista
01.15-Mercado;COMERCIAL ESPERANCA;27/05/2022;31/05/2022;R$ 37,00;R$ 37,00;Pago;1/1;01.15.09-Comercial Esperança;Inverno D´Italia Bragança Paulista
01.15-Mercado;COMERCIAL ESPERANCA;27/05/2022;31/05/2022;R$ 449,76;R$ 449,76;Pago;1/1;01.15.09-Comercial Esperança;Inverno D´Italia Bragança Paulista
01.15-Mercado;SPANI;27/05/2022;31/05/2022;R$ 114,36;R$ 114,36;Pago;1/1;01.15.06-SPANI;Inverno D´Italia Bragança Paulista
01.11-Delivery;MOTOBOY ANTONIO;27/05/2022;31/05/2022;R$ 117,00;R$ 117,00;Pago;1/1;01.11.01-MOTOBOY INTERNO;Inverno D´Italia Bragança Paulista
01.17-Hortifruti;VAREJAO;27/05/2022;04/06/2022;R$ 48,00;R$ 48,00;Pago;1/1;01.17.01-Varejão;Inverno D´Italia Bragança Paulista
01.11-Delivery;Saída do caixa 1810. PAULINHO;26/05/2022;26/05/2022;R$ 10,00;R$ 10,00;Pago;1/1;01.11.02-MOTOBOY EXTERNO;Inverno D´Italia Bragança Paulista
01.11-Delivery;Saída do caixa 1810. RODRIGO;26/05/2022;26/05/2022;R$ 7,00;R$ 7,00;Pago;1/1;01.11.02-MOTOBOY EXTERNO;Inverno D´Italia Bragança Paulista
01.11-Delivery;Saída do caixa 1810. REFERENTE AO DIA 25/05;26/05/2022;26/05/2022;R$ 35,00;R$ 35,00;Pago;1/1;01.11.01-MOTOBOY INTERNO;Inverno D´Italia Bragança Paulista
01.11-Delivery;Saída do caixa 1810. MANOEL;26/05/2022;26/05/2022;R$ 10,00;R$ 10,00;Pago;1/1;01.11.02-MOTOBOY EXTERNO;Inverno D´Italia Bragança Paulista
01.11-Delivery;Saída do caixa 1810. MANOEL;26/05/2022;26/05/2022;R$ 10,00;R$ 10,00;Pago;1/1;01.11.02-MOTOBOY EXTERNO;Inverno D´Italia Bragança Paulista
01.11-Delivery;Saída do caixa 1810. LUCAS;26/05/2022;26/05/2022;R$ 12,00;R$ 12,00;Pago;1/1;01.11.02-MOTOBOY EXTERNO;Inverno D´Italia Bragança Paulista
01.16-Doces;Saída do caixa 1810. RAFINNE;26/05/2022;26/05/2022;R$ 215,00;R$ 215,00;Pago;1/1;01.16.04-Rafineé;Inverno D´Italia Bragança Paulista
02.08-Vale Transporte;Saída do caixa 1810. V.T;26/05/2022;26/05/2022;R$ 60,00;R$ 60,00;Pago;1/1;02.08.01-TRANSPORTE;Inverno D´Italia Bragança Paulista
02.14-FreeLance;Saída do caixa 1810. FREE;26/05/2022;26/05/2022;R$ 240,00;R$ 240,00;Pago;1/1;02.14.01-Freelance Balconista;Inverno D´Italia Bragança Paulista
01.16-Doces;real bolos;26/05/2022;26/05/2022;R$ 66,00;R$ 66,00;Pago;1/1;01.16.07-Real Bolos;Inverno D´Italia Bragança Paulista
01.20-Salgados;alterosa;26/05/2022;26/05/2022;R$ 91,90;R$ 91,90;Pago;1/1;01.20.01-Alterosa;Inverno D´Italia Bragança Paulista
01.13-Embalagens;ponto certo;26/05/2022;26/05/2022;R$ 188,80;R$ 188,80;Pago;1/1;01.13.01-Ponto certo;Inverno D´Italia Bragança Paulista
01.15-Mercado;vencedor;26/05/2022;26/05/2022;R$ 114,96;R$ 114,96;Pago;1/1;01.15.07-SUPERMERCADO VENCEDOR;Inverno D´Italia Bragança Paulista
03.01-Itens para Cozinha;PACK DELIVERY KIT GARFO E FACA DESCARTAVEL;25/06/2022;04/06/2022;R$ 265,00;R$ 265,00;Pago;1/1;;Inverno D´Italia Bragança Paulista
01.11-Delivery;Saída do caixa 1809. LUCAS;25/05/2022;25/05/2022;R$ 63,00;R$ 63,00;Pago;1/1;01.11.02-MOTOBOY EXTERNO;Inverno D´Italia Bragança Paulista
01.11-Delivery;Saída do caixa 1809. MANOEL;25/05/2022;25/05/2022;R$ 70,00;R$ 70,00;Pago;1/1;01.11.02-MOTOBOY EXTERNO;Inverno D´Italia Bragança Paulista
01.15-Mercado;Saída do caixa 1809. AGUA;25/05/2022;25/05/2022;R$ 70,00;R$ 70,00;Pago;1/1;01.15.15-SETE AGUAS;Inverno D´Italia Bragança Paulista
01.16-Doces;Saída do caixa 1809. REAL BOLOS;25/05/2022;25/05/2022;R$ 162,00;R$ 162,00;Pago;1/1;01.16.07-Real Bolos;Inverno D´Italia Bragança Paulista
01.20-Salgados;Saída do caixa 1809. PÃO;25/05/2022;25/05/2022;R$ 15,50;R$ 15,50;Pago;1/1;;Inverno D´Italia Bragança Paulista
01.11-Delivery;Saída do caixa 1809. HEBERT;25/05/2022;25/05/2022;R$ 19,00;R$ 19,00;Pago;1/1;01.11.02-MOTOBOY EXTERNO;Inverno D´Italia Bragança Paulista
02.14-FreeLance;Saída do caixa 1809. FREE;25/05/2022;25/05/2022;R$ 96,00;R$ 96,00;Pago;1/1;02.14.01-Freelance Balconista;Inverno D´Italia Bragança Paulista
02.14-FreeLance;Saída do caixa 1809. FREE;25/05/2022;25/05/2022;R$ 48,00;R$ 48,00;Pago;1/1;02.14.01-Freelance Balconista;Inverno D´Italia Bragança Paulista
02.08-Vale Transporte;Saída do caixa 1809. V.T;25/05/2022;25/05/2022;R$ 80,00;R$ 80,00;Pago;1/1;02.08.01-TRANSPORTE;Inverno D´Italia Bragança Paulista
03.01-Itens para Cozinha;Saída do caixa 1809. ESTRELA DO LAR;25/05/2022;25/05/2022;R$ 49,26;R$ 49,26;Pago;1/1;;Inverno D´Italia Bragança Paulista
01.12-Papelaria;Saída do caixa 1809. PAPELARIA;25/05/2022;25/05/2022;R$ 27,00;R$ 27,00;Pago;1/1;01.12.01-Papelaria São Benedito;Inverno D´Italia Bragança Paulista
01.04-Telefone Fixo/ vivo;VIVO;25/05/2022;25/05/2022;R$ 148,28;R$ 148,28;Pago;1/1;01.04.01 Vivo;Inverno D´Italia Bragança Paulista
01.20-Salgados;alterosa;25/05/2022;26/05/2022;R$ 82,90;R$ 82,90;Pago;1/1;01.20.01-Alterosa;Inverno D´Italia Bragança Paulista
01.13-Embalagens;ponto certo;25/05/2022;26/05/2022;R$ 88,20;R$ 88,20;Pago;1/1;01.13.01-Ponto certo;Inverno D´Italia Bragança Paulista
01.02-Energia Elétrica;ENERGISA;25/05/2022;31/05/2022;R$ 3.399,69;R$ 3.399,69;Pago;1/1;01.02.01-ENERGISA - SERVIÇOS PUBLICOS;Inverno D´Italia Bragança Paulista
01.21-FRANQUIA-Pedido semanal;FRANQUIA;25/05/2022;31/05/2022;R$ 8.550,37;R$ 8.550,37;Pago;1/1;01.21.01 -Franquia Inverno Ditalia;Inverno D´Italia Bragança Paulista
01.20-Salgados;SERGIO PAO DE QUEIJO;25/05/2022;31/05/2022;R$ 1.705,00;R$ 1.705,00;Pago;1/1;01.20.04-SERGIO PAO DE QUEIJO;Inverno D´Italia Bragança Paulista
01.15-Mercado;COMERCIAL ESPERANCA;25/05/2022;31/05/2022;R$ 696,25;R$ 696,25;Pago;1/1;01.15.09-Comercial Esperança;Inverno D´Italia Bragança Paulista
06.09-Convenio;farmacia central;24/05/2022;24/05/2022;R$ 162,97;R$ 162,97;Pago;1/1;06.09.01-FARMACIA CENTRAL;Inverno D´Italia Bragança Paulista
01.17-Hortifruti;POLPAS E FRUTAS;24/05/2022;24/05/2022;R$ 305,00;R$ 305,00;Pago;1/1;01.17.02- M&E POUPAS E FRUTAS CONGELADAS;Inverno D´Italia Bragança Paulista
01.20-Salgados;ALTEROSA;24/05/2022;24/05/2022;R$ 82,90;R$ 82,90;Pago;1/1;01.20.01-Alterosa;Inverno D´Italia Bragança Paulista
01.13-Embalagens;PONTO CERTO;24/05/2022;24/05/2022;R$ 79,33;R$ 79,33;Pago;1/1;01.13.01-Ponto certo;Inverno D´Italia Bragança Paulista
01.11-Delivery;Saída do caixa 1808. ANTONIO;24/05/2022;24/05/2022;R$ 100,00;R$ 100,00;Pago;1/1;01.11.01-MOTOBOY INTERNO;Inverno D´Italia Bragança Paulista
02.14-FreeLance;Saída do caixa 1808. FREE;24/05/2022;24/05/2022;R$ 48,00;R$ 48,00;Pago;1/1;02.14.01-Freelance Balconista;Inverno D´Italia Bragança Paulista
02.08-Vale Transporte;Saída do caixa 1808. V.T;24/05/2022;24/05/2022;R$ 40,00;R$ 40,00;Pago;1/1;02.08.01-TRANSPORTE;Inverno D´Italia Bragança Paulista
01.11-Delivery;Saída do caixa 1808. 1 RODRIGO 1 2R;24/05/2022;24/05/2022;R$ 16,00;R$ 16,00;Pago;1/1;01.11.02-MOTOBOY EXTERNO;Inverno D´Italia Bragança Paulista
01.13-Embalagens;Saída do caixa 1808. GUARDANAPO;24/05/2022;24/05/2022;R$ 132,60;R$ 132,60;Pago;1/1;01.13.03-RENATO EMBALAGENS;Inverno D´Italia Bragança Paulista
01.16-Doces;Saída do caixa 1808. REAL BOLOS;24/05/2022;24/05/2022;R$ 163,00;R$ 163,00;Pago;1/1;01.16.07-Real Bolos;Inverno D´Italia Bragança Paulista
01.11-Delivery;Saída do caixa 1808. HEBERT 2;24/05/2022;24/05/2022;R$ 15,00;R$ 15,00;Pago;1/1;01.11.02-MOTOBOY EXTERNO;Inverno D´Italia Bragança Paulista
02.14-FreeLance;Saída do caixa 1808. FREE;24/05/2022;24/05/2022;R$ 48,00;R$ 48,00;Pago;1/1;02.14.01-Freelance Balconista;Inverno D´Italia Bragança Paulista
01.13-Embalagens;ponto certo;24/05/2022;26/05/2022;R$ 33,00;R$ 33,00;Pago;1/1;01.13.01-Ponto certo;Inverno D´Italia Bragança Paulista
01.02-Energia Elétrica;energisa;23/06/2022;;R$ 1.462,81;;Em aberto;1/1;01.02.01-ENERGISA - SERVIÇOS PUBLICOS;Inverno D´Italia Bragança Paulista
01.20-Salgados;ALTEROSA;23/05/2022;23/05/2022;R$ 82,90;R$ 82,90;Pago;1/1;01.20.01-Alterosa;Inverno D´Italia Bragança Paulista
01.11-Delivery;Saída do caixa 1807. ANTONIO;23/05/2022;23/05/2022;R$ 230,00;R$ 230,00;Pago;1/1;01.11.01-MOTOBOY INTERNO;Inverno D´Italia Bragança Paulista
02.14-FreeLance;Saída do caixa 1807. FREE;23/05/2022;23/05/2022;R$ 96,00;R$ 96,00;Pago;1/1;02.14.01-Freelance Balconista;Inverno D´Italia Bragança Paulista
02.08-Vale Transporte;Saída do caixa 1807. V.T;23/05/2022;23/05/2022;R$ 70,00;R$ 70,00;Pago;1/1;02.08.01-TRANSPORTE;Inverno D´Italia Bragança Paulista
01.11-Delivery;Saída do caixa 1807. MANOEL;23/05/2022;23/05/2022;R$ 21,00;R$ 21,00;Pago;1/1;01.11.01-MOTOBOY INTERNO;Inverno D´Italia Bragança Paulista
01.11-Delivery;Saída do caixa 1807. LUCAS;23/05/2022;23/05/2022;R$ 10,00;R$ 10,00;Pago;1/1;01.11.02-MOTOBOY EXTERNO;Inverno D´Italia Bragança Paulista
01.12-Papelaria;Saída do caixa 1807. PAPELARIA;23/05/2022;23/05/2022;R$ 22,00;R$ 22,00;Pago;1/1;01.12.01-Papelaria São Benedito;Inverno D´Italia Bragança Paulista
01.09-Serviço de Limpeza;Saída do caixa 1807. PANO;23/05/2022;23/05/2022;R$ 8,00;R$ 8,00;Pago;1/1;01.07-01-MATERIAIS EM GERAL;Inverno D´Italia Bragança Paulista
01.16-Doces;REAL BOLOS;23/05/2022;23/05/2022;R$ 100,00;R$ 100,00;Pago;1/1;01.16.07-Real Bolos;Inverno D´Italia Bragança Paulista
01.11-Delivery;Saída do caixa 1806. EDUARDO MOTOQUEIRO;22/05/2022;22/05/2022;R$ 329,00;R$ 329,00;Pago;1/1;01.11.02-MOTOBOY EXTERNO;Inverno D´Italia Bragança Paulista
02.14-FreeLance;Saída do caixa 1806. EMILY- ADRIANE- JULIA;22/05/2022;22/05/2022;R$ 96,00;R$ 96,00;Pago;1/1;01.06.01-Colaboradora Freelance;Inverno D´Italia Bragança Paulista
02.05-Horas Extras;Saída do caixa 1806. JULIA- EMILY- LETICIA;22/05/2022;22/05/2022;R$ 56,00;R$ 56,00;Pago;1/1;02.05.01 - Hora Extra colaboradores;Inverno D´Italia Bragança Paulista
02.08-Vale Transporte;Saída do caixa 1806. JULIA- ADRIANE- LETICIA- EMILY;22/05/2022;22/05/2022;R$ 40,00;R$ 40,00;Pago;1/1;01.06.01-Colaboradora Freelance;Inverno D´Italia Bragança Paulista
01.15-Mercado;SPANI;22/05/2022;23/05/2022;R$ 224,64;R$ 224,64;Pago;1/1;01.15.06-SPANI;Inverno D´Italia Bragança Paulista
02.08-Vale Transporte;Saída do caixa 1805. EMILY, JULIA, FEH, LE E DRII;21/05/2022;21/05/2022;R$ 50,00;R$ 50,00;Pago;1/1;02.08.01-TRANSPORTE;Inverno D´Italia Bragança Paulista
01.06-Freelance-Temporario;Saída do caixa 1805. ADRIANE, JULIA E EMILY;21/05/2022;21/05/2022;R$ 144,00;R$ 144,00;Pago;1/1;01.06.01-Colaboradora Freelance;Inverno D´Italia Bragança Paulista
01.11-Delivery;Saída do caixa 1805. ANTONIO 20;21/05/2022;21/05/2022;R$ 136,00;R$ 136,00;Pago;1/1;01.11.01-MOTOBOY INTERNO;Inverno D´Italia Bragança Paulista
01.16-Doces;Saída do caixa 1805. CONE;21/05/2022;21/05/2022;R$ 36,00;R$ 36,00;Pago;1/1;01.16.01-Palha italiana;Inverno D´Italia Bragança Paulista
01.11-Delivery;Saída do caixa 1805. 2R;21/05/2022;21/05/2022;R$ 8,00;R$ 8,00;Pago;1/1;01.11.03-2R;Inverno D´Italia Bragança Paulista
01.11-Delivery;Saída do caixa 1805. MOLINARI;21/05/2022;21/05/2022;R$ 7,00;R$ 7,00;Pago;1/1;01.11.02-MOTOBOY EXTERNO;Inverno D´Italia Bragança Paulista
01.11-Delivery;Saída do caixa 1805. LUCAS;21/05/2022;21/05/2022;R$ 24,00;R$ 24,00;Pago;1/1;01.11.02-MOTOBOY EXTERNO;Inverno D´Italia Bragança Paulista
01.20-Salgados;Saída do caixa 1805. PÃO;21/05/2022;21/05/2022;R$ 10,00;R$ 10,00;Pago;1/1;01.20.01-Alterosa;Inverno D´Italia Bragança Paulista
01.07-Manutenção Geral;Saída do caixa 1805. ZONA AZUL;21/05/2022;21/05/2022;R$ 10,00;R$ 10,00;Pago;1/1;01.07-01-MATERIAIS EM GERAL;Inverno D´Italia Bragança Paulista
01.06-Freelance-Temporario;Saída do caixa 1805. DRI, EMILY E JULIA;21/05/2022;21/05/2022;R$ 180,00;R$ 180,00;Pago;1/1;01.06.01-Colaboradora Freelance;Inverno D´Italia Bragança Paulista
01.13-Embalagens;PONTO CERTO;21/05/2022;21/05/2022;R$ 29,70;R$ 29,70;Pago;1/1;01.13.01-Ponto certo;Inverno D´Italia Bragança Paulista
01.13-Embalagens;PONTO CERTO;21/05/2022;21/05/2022;R$ 306,00;R$ 306,00;Pago;1/1;01.13.01-Ponto certo;Inverno D´Italia Bragança Paulista
01.20-Salgados;ALTEROSA;21/05/2022;21/05/2022;R$ 154,90;R$ 154,90;Pago;1/1;01.20.01-Alterosa;Inverno D´Italia Bragança Paulista
01.13-Embalagens;PONTO CERTO;21/05/2022;21/05/2022;R$ 84,46;R$ 84,46;Pago;1/1;01.13.01-Ponto certo;Inverno D´Italia Bragança Paulista
01.16-Doces;REAL BOLOS;21/05/2022;21/05/2022;R$ 41,00;R$ 41,00;Pago;1/1;01.16.07-Real Bolos;Inverno D´Italia Bragança Paulista
02.14-FreeLance;Saída do caixa 1804. FREE;20/05/2022;20/05/2022;R$ 144,00;R$ 144,00;Pago;1/1;02.14.01-Freelance Balconista;Inverno D´Italia Bragança Paulista
02.08-Vale Transporte;Saída do caixa 1804. V.T;20/05/2022;20/05/2022;R$ 80,00;R$ 80,00;Pago;1/1;02.08.01-TRANSPORTE;Inverno D´Italia Bragança Paulista
01.11-Delivery;Saída do caixa 1804. LUCAS;20/05/2022;20/05/2022;R$ 83,00;R$ 83,00;Pago;1/1;01.11.02-MOTOBOY EXTERNO;Inverno D´Italia Bragança Paulista
01.15-Mercado;Saída do caixa 1804. AGUA;20/05/2022;20/05/2022;R$ 35,00;R$ 35,00;Pago;1/1;01.15.15-SETE AGUAS;Inverno D´Italia Bragança Paulista
01.11-Delivery;Saída do caixa 1804. EDUARDO;20/05/2022;20/05/2022;R$ 11,00;R$ 11,00;Pago;1/1;01.11.02-MOTOBOY EXTERNO;Inverno D´Italia Bragança Paulista
01.15-Mercado;Saída do caixa 1804. LU PRODUTOS NATURAIS;20/05/2022;20/05/2022;R$ 55,50;R$ 55,50;Pago;1/1;01.15.20 - Lu produtos naturais;Inverno D´Italia Bragança Paulista
01.16-Doces;Saída do caixa 1804. CONES;20/05/2022;20/05/2022;R$ 72,00;R$ 72,00;Pago;1/1;;Inverno D´Italia Bragança Paulista
03.04-Outros Equipamentos;Saída do caixa 1804. FARMACIA;20/05/2022;20/05/2022;R$ 59,50;R$ 59,50;Pago;1/1;;Inverno D´Italia Bragança Paulista
02.05-Horas Extras;Saída do caixa 1804. HORAS EXTRAS FERNANDA;20/05/2022;20/05/2022;R$ 21,00;R$ 21,00;Pago;1/1;02.05.01 - Hora Extra colaboradores;Inverno D´Italia Bragança Paulista
01.16-Doces;REAL BOLOS;20/05/2022;21/05/2022;R$ 312,00;R$ 312,00;Pago;1/1;01.16.07-Real Bolos;Inverno D´Italia Bragança Paulista
01.12-Papelaria;PAPELANDIA;20/05/2022;21/05/2022;R$ 123,50;R$ 123,50;Pago;1/1;01.12.02-Papelaria Papelândia;Inverno D´Italia Bragança Paulista
01.17-Hortifruti;VAREJAO;20/05/2022;21/05/2022;R$ 45,00;R$ 45,00;Pago;1/1;01.17.01-Varejão;Inverno D´Italia Bragança Paulista
01.13-Embalagens;PONTO CERTO;20/05/2022;21/05/2022;R$ 150,00;R$ 150,00;Pago;1/1;01.13.01-Ponto certo;Inverno D´Italia Bragança Paulista
01.20-Salgados;ALTEROSA;20/05/2022;21/05/2022;R$ 119,90;R$ 119,90;Pago;1/1;01.20.01-Alterosa;Inverno D´Italia Bragança Paulista
01.15-Mercado;SPANI;20/05/2022;23/05/2022;R$ 308,94;R$ 308,94;Pago;1/1;01.15.06-SPANI;Inverno D´Italia Bragança Paulista
01.15-Mercado;COMERCIAL ESPERANCA;20/05/2022;23/05/2022;R$ 584,71;R$ 584,71;Pago;1/1;01.15.09-Comercial Esperança;Inverno D´Italia Bragança Paulista
01.11-Delivery;Saída do caixa 1803. antonio;19/05/2022;19/05/2022;R$ 290,00;R$ 290,00;Pago;1/1;01.11.01-MOTOBOY INTERNO;Inverno D´Italia Bragança Paulista
01.11-Delivery;Saída do caixa 1803. hebert 3;19/05/2022;19/05/2022;R$ 22,00;R$ 22,00;Pago;1/1;01.11.02-MOTOBOY EXTERNO;Inverno D´Italia Bragança Paulista
01.07-Manutenção Geral;Saída do caixa 1803. chave;19/05/2022;19/05/2022;R$ 30,00;R$ 30,00;Pago;1/1;01.07-01-MATERIAIS EM GERAL;Inverno D´Italia Bragança Paulista
02.05-Horas Extras;Saída do caixa 1803. horas extras letica 3;19/05/2022;19/05/2022;R$ 21,00;R$ 21,00;Pago;1/1;02.05.01 - Hora Extra colaboradores;Inverno D´Italia Bragança Paulista
01.11-Delivery;Saída do caixa 1803. lucas 7;19/05/2022;19/05/2022;R$ 55,00;R$ 55,00;Pago;1/1;01.11.02-MOTOBOY EXTERNO;Inverno D´Italia Bragança Paulista
01.12-Papelaria;Saída do caixa 1803. papelaria;19/05/2022;19/05/2022;R$ 5,00;R$ 5,00;Pago;1/1;01.12.01-Papelaria São Benedito;Inverno D´Italia Bragança Paulista
01.12-Papelaria;Saída do caixa 1803. papelandia;19/05/2022;19/05/2022;R$ 28,00;R$ 28,00;Pago;1/1;01.12.02-Papelaria Papelândia;Inverno D´Italia Bragança Paulista
02.14-FreeLance;Saída do caixa 1803. free;19/05/2022;19/05/2022;R$ 96,00;R$ 96,00;Pago;1/1;02.14.01-Freelance Balconista;Inverno D´Italia Bragança Paulista
02.14-FreeLance;Saída do caixa 1803. free;19/05/2022;19/05/2022;R$ 4,00;R$ 4,00;Pago;1/1;02.14.01-Freelance Balconista;Inverno D´Italia Bragança Paulista
02.08-Vale Transporte;Saída do caixa 1803. V.T;19/05/2022;19/05/2022;R$ 40,00;R$ 40,00;Pago;1/1;02.08.01-TRANSPORTE;Inverno D´Italia Bragança Paulista
01.07-Manutenção Geral;Saída do caixa 1803. ESTRELA DO LAR;19/05/2022;19/05/2022;R$ 14,50;R$ 14,50;Pago;1/1;01.07-01-MATERIAIS EM GERAL;Inverno D´Italia Bragança Paulista
01.20-Salgados;ALTEROSA;19/05/2022;21/05/2022;R$ 119,90;R$ 119,90;Pago;1/1;01.20.01-Alterosa;Inverno D´Italia Bragança Paulista
01.13-Embalagens;PONTO CERTO;19/05/2022;21/05/2022;R$ 149,94;R$ 149,94;Pago;1/1;01.13.01-Ponto certo;Inverno D´Italia Bragança Paulista
01.15-Mercado;SPANI;19/05/2022;23/05/2022;R$ 531,52;R$ 531,52;Pago;1/1;01.15.06-SPANI;Inverno D´Italia Bragança Paulista
01.15-Mercado;CLUB DO CHOCOLATE;19/05/2022;23/05/2022;R$ 343,99;R$ 343,99;Pago;1/1;01.15.01-Clube do chocolate;Inverno D´Italia Bragança Paulista
01.11-Delivery;Saída do caixa 1802. LUCAS 29;18/05/2022;18/05/2022;R$ 242,00;R$ 242,00;Pago;1/1;01.11.02-MOTOBOY EXTERNO;Inverno D´Italia Bragança Paulista
02.05-Horas Extras;Saída do caixa 1802. HORAS EXTRAS;18/05/2022;18/05/2022;R$ 15,00;R$ 15,00;Pago;1/1;02.05.01 - Hora Extra colaboradores;Inverno D´Italia Bragança Paulista
02.08-Vale Transporte;Saída do caixa 1802. V.T;18/05/2022;18/05/2022;R$ 80,00;R$ 80,00;Pago;1/1;02.08.01-TRANSPORTE;Inverno D´Italia Bragança Paulista
02.14-FreeLance;Saída do caixa 1802. FREE;18/05/2022;18/05/2022;R$ 144,00;R$ 144,00;Pago;1/1;02.14.01-Freelance Balconista;Inverno D´Italia Bragança Paulista
01.17-Hortifruti;Saída do caixa 1802. VAREJAO;18/05/2022;18/05/2022;R$ 88,00;R$ 88,00;Pago;1/1;01.17.01-Varejão;Inverno D´Italia Bragança Paulista
01.15-Mercado;Saída do caixa 1802. GALAO DE AGUA;18/05/2022;18/05/2022;R$ 12,00;R$ 12,00;Pago;1/1;01.15.15-SETE AGUAS;Inverno D´Italia Bragança Paulista
02.14-FreeLance;Saída do caixa 1802. RESTANTE JULIA DOMINGO;18/05/2022;18/05/2022;R$ 10,00;R$ 10,00;Pago;1/1;02.14.01-Freelance Balconista;Inverno D´Italia Bragança Paulista
01.15-Mercado;Saída do caixa 1802. LEITE;18/05/2022;18/05/2022;R$ 78,00;R$ 78,00;Pago;1/1;01.15.10-Express;Inverno D´Italia Bragança Paulista
01.11-Delivery;Saída do caixa 1802. ANTONIO;18/05/2022;18/05/2022;R$ 250,00;R$ 250,00;Pago;1/1;01.11.01-MOTOBOY INTERNO;Inverno D´Italia Bragança Paulista
01.11-Delivery;Saída do caixa 1802. ANTONIO;18/05/2022;18/05/2022;R$ 1,00;R$ 1,00;Pago;1/1;01.11.01-MOTOBOY INTERNO;Inverno D´Italia Bragança Paulista
01.15-Mercado;PMG;18/05/2022;21/05/2022;R$ 1.743,05;R$ 1.743,05;Pago;1/1;01.15.19 - PMG- Pama comercio de alimentos;Inverno D´Italia Bragança Paulista
01.16-Doces;REAL BOLOS;18/05/2022;21/05/2022;R$ 156,00;R$ 156,00;Pago;1/1;01.16.07-Real Bolos;Inverno D´Italia Bragança Paulista
01.13-Embalagens;PONTO CERTO;18/05/2022;21/05/2022;R$ 88,30;R$ 88,30;Pago;1/1;01.13.01-Ponto certo;Inverno D´Italia Bragança Paulista
01.20-Salgados;ALTEROSA;18/05/2022;21/05/2022;R$ 42,20;R$ 42,20;Pago;1/1;01.20.01-Alterosa;Inverno D´Italia Bragança Paulista
01.20-Salgados;alterosa;18/05/2022;21/05/2022;R$ 91,90;R$ 91,90;Pago;1/1;01.20.01-Alterosa;Inverno D´Italia Bragança Paulista
01.15-Mercado;SPANI;18/05/2022;23/05/2022;R$ 544,41;R$ 544,41;Pago;1/1;01.15.06-SPANI;Inverno D´Italia Bragança Paulista
01.13-Embalagens;MULTICAIXAS;18/05/2022;23/05/2022;R$ 443,00;R$ 443,00;Pago;1/1;01.13.05-MULTICAIXAS ATBAIA EMBALAGENS;Inverno D´Italia Bragança Paulista
01.00-Aluguel;MAQUINA DE CAFE;18/05/2022;23/05/2022;R$ 495,30;R$ 495,30;Pago;1/1;01.00.02-ALUGUEL - CANECAO MAQUINAS DE CAFE - Nilton;Inverno D´Italia Bragança Paulista
01.16-Doces;real bolos;17/05/2022;17/05/2022;R$ 123,00;R$ 123,00;Pago;1/1;01.16.07-Real Bolos;Inverno D´Italia Bragança Paulista
01.11-Delivery;Saída do caixa 1801. antonio37;17/05/2022;17/05/2022;R$ 218,00;R$ 218,00;Pago;1/1;01.11.01-MOTOBOY INTERNO;Inverno D´Italia Bragança Paulista
01.20-Salgados;Saída do caixa 1801. edu empadas;17/05/2022;17/05/2022;R$ 72,00;R$ 72,00;Pago;1/1;01.20.02-Edu empada;Inverno D´Italia Bragança Paulista
02.08-Vale Transporte;Saída do caixa 1801. v.t;17/05/2022;17/05/2022;R$ 40,00;R$ 40,00;Pago;1/1;02.08.01-TRANSPORTE;Inverno D´Italia Bragança Paulista
02.14-FreeLance;Saída do caixa 1801. free;17/05/2022;17/05/2022;R$ 144,00;R$ 144,00;Pago;1/1;02.14.01-Freelance Balconista;Inverno D´Italia Bragança Paulista
06.06-Estorno Cliente;Saída do caixa 1801. estorno;17/05/2022;17/05/2022;R$ 8,50;R$ 8,50;Pago;1/1;06.06.01 - Estorno Cliente;Inverno D´Italia Bragança Paulista
03.03-Instalações Gerais;Saída do caixa 1801. zona azul;17/05/2022;17/05/2022;R$ 10,00;R$ 10,00;Pago;1/1;;Inverno D´Italia Bragança Paulista
01.07-Manutenção Geral;Saída do caixa 1801. pano de prato;17/05/2022;17/05/2022;R$ 8,00;R$ 8,00;Pago;1/1;01.07-01-MATERIAIS EM GERAL;Inverno D´Italia Bragança Paulista
01.11-Delivery;Saída do caixa 1801. rodrigo;17/05/2022;17/05/2022;R$ 14,00;R$ 14,00;Pago;1/1;01.11.01-MOTOBOY INTERNO;Inverno D´Italia Bragança Paulista
01.13-Embalagens;Saída do caixa 1801. ponto certo;17/05/2022;17/05/2022;R$ 144,00;R$ 144,00;Pago;1/1;01.13.01-Ponto certo;Inverno D´Italia Bragança Paulista
01.11-Delivery;Saída do caixa 1801. lucas;17/05/2022;17/05/2022;R$ 40,00;R$ 40,00;Pago;1/1;01.11.02-MOTOBOY EXTERNO;Inverno D´Italia Bragança Paulista
01.20-Salgados;alterosa;17/05/2022;21/05/2022;R$ 91,90;R$ 91,90;Pago;1/1;01.20.01-Alterosa;Inverno D´Italia Bragança Paulista
01.15-Mercado;VENCEDOR;17/05/2022;23/05/2022;R$ 387,40;R$ 387,40;Pago;1/1;01.15.07-SUPERMERCADO VENCEDOR;Inverno D´Italia Bragança Paulista
01.15-Mercado;SPANI;17/05/2022;23/05/2022;R$ 139,35;R$ 139,35;Pago;1/1;01.15.06-SPANI;Inverno D´Italia Bragança Paulista
01.15-Mercado;CLUB DO CHOCOLATE;17/05/2022;23/05/2022;R$ 150,20;R$ 150,20;Pago;1/1;01.15.01-Clube do chocolate;Inverno D´Italia Bragança Paulista
02.10-Vale Refeição;RESTAURANTE CASARAO;17/05/2022;23/05/2022;R$ 957,81;R$ 957,81;Pago;1/1;02.10.01 - Restaurante Casarão;Inverno D´Italia Bragança Paulista
01.21-FRANQUIA-Pedido semanal;FRANQUIA;17/05/2022;23/05/2022;R$ 8.196,16;R$ 8.196,16;Pago;1/1;01.21.01 -Franquia Inverno Ditalia;Inverno D´Italia Bragança Paulista
01.01-SABESP;SABESP;16/06/2022;;R$ 214,30;;Atrasada;1/1;01.01.01-SABESP - SERVIÇOS PUBLICOS;Inverno D´Italia Bragança Paulista
01.16-Doces;REAL BOLOS;16/06/2022;16/06/2022;R$ 31,00;R$ 31,00;Pago;1/1;01.16.07-Real Bolos;Inverno D´Italia Bragança Paulista
01.11-Delivery;Saída do caixa 1831. antonio;16/06/2022;16/06/2022;R$ 215,00;R$ 215,00;Pago;1/1;01.11.01-MOTOBOY INTERNO;Inverno D´Italia Bragança Paulista
02.14-FreeLance;Saída do caixa 1831. FREE;16/06/2022;16/06/2022;R$ 100,00;R$ 100,00;Pago;1/1;02.14.01-Freelance Balconista;Inverno D´Italia Bragança Paulista
06.06-Estorno Cliente;Saída do caixa 1831. ESTORNO;16/06/2022;16/06/2022;R$ 3,00;R$ 3,00;Pago;1/1;06.06.01 - Estorno Cliente;Inverno D´Italia Bragança Paulista
02.08-Vale Transporte;Saída do caixa 1831. V.T;16/06/2022;16/06/2022;R$ 20,00;R$ 20,00;Pago;1/1;02.08.01-TRANSPORTE;Inverno D´Italia Bragança Paulista
02.05-Horas Extras;Saída do caixa 1831. HORAS EXTRAS 6;16/06/2022;16/06/2022;R$ 42,00;R$ 42,00;Pago;1/1;02.11.02-Colaborador Freelance;Inverno D´Italia Bragança Paulista
02.08-Vale Transporte;Saída do caixa 1800. V.T;16/05/2022;16/05/2022;R$ 70,00;R$ 70,00;Pago;1/1;02.08.01-TRANSPORTE;Inverno D´Italia Bragança Paulista
02.14-FreeLance;Saída do caixa 1800. FREE;16/05/2022;16/05/2022;R$ 96,00;R$ 96,00;Pago;1/1;02.14.01-Freelance Balconista;Inverno D´Italia Bragança Paulista
01.11-Delivery;Saída do caixa 1800. ANTONIO 26;16/05/2022;16/05/2022;R$ 167,00;R$ 167,00;Pago;1/1;01.11.01-MOTOBOY INTERNO;Inverno D´Italia Bragança Paulista
01.13-Embalagens;Saída do caixa 1800. PONTO CERTO;16/05/2022;16/05/2022;R$ 53,50;R$ 53,50;Pago;1/1;01.13.01-Ponto certo;Inverno D´Italia Bragança Paulista
01.15-Mercado;Saída do caixa 1800. AGUA JOEL;16/05/2022;16/05/2022;R$ 45,00;R$ 45,00;Pago;1/1;01.15.15-SETE AGUAS;Inverno D´Italia Bragança Paulista
01.11-Delivery;Saída do caixa 1800. LUCAS 2;16/05/2022;16/05/2022;R$ 22,00;R$ 22,00;Pago;1/1;01.11.02-MOTOBOY EXTERNO;Inverno D´Italia Bragança Paulista
02.11-Adiantamento;Saída do caixa 1800. GLEICA;16/05/2022;16/05/2022;R$ 40,00;R$ 40,00;Pago;1/1;02.11.01-Colaborador Funcionario;Inverno D´Italia Bragança Paulista
01.17-Hortifruti;varejao;16/05/2022;21/05/2022;R$ 45,00;R$ 45,00;Pago;1/1;01.17.01-Varejão;Inverno D´Italia Bragança Paulista
01.20-Salgados;alterosa;16/05/2022;21/05/2022;R$ 82,90;R$ 82,90;Pago;1/1;01.20.01-Alterosa;Inverno D´Italia Bragança Paulista
01.15-Mercado;COMERCIAL ESPERANÇA;16/05/2022;23/05/2022;R$ 81,06;R$ 81,06;Pago;1/1;01.15.09-Comercial Esperança;Inverno D´Italia Bragança Paulista
01.15-Mercado;COMERCIAL ESPERANCA;16/05/2022;23/05/2022;R$ 351,36;R$ 351,36;Pago;1/1;01.15.09-Comercial Esperança;Inverno D´Italia Bragança Paulista
02.14-FreeLance;Saída do caixa 1830. free;15/06/2022;15/06/2022;R$ 150,00;R$ 150,00;Pago;1/1;02.14.01-Freelance Balconista;Inverno D´Italia Bragança Paulista
02.08-Vale Transporte;Saída do caixa 1830. v.t;15/06/2022;15/06/2022;R$ 80,00;R$ 80,00;Pago;1/1;02.08.01-TRANSPORTE;Inverno D´Italia Bragança Paulista
01.11-Delivery;Saída do caixa 1830. antonio;15/06/2022;15/06/2022;R$ 267,00;R$ 267,00;Pago;1/1;01.11.01-MOTOBOY INTERNO;Inverno D´Italia Bragança Paulista
01.16-Doces;real bolos;15/06/2022;16/06/2022;R$ 77,00;R$ 77,00;Pago;1/1;01.16.07-Real Bolos;Inverno D´Italia Bragança Paulista
01.17-Hortifruti;varejao;15/06/2022;16/06/2022;R$ 65,00;R$ 65,00;Pago;1/1;01.17.01-Varejão;Inverno D´Italia Bragança Paulista
01.20-Salgados;alterosa;15/06/2022;16/06/2022;R$ 44,00;R$ 44,00;Pago;1/1;01.20.01-Alterosa;Inverno D´Italia Bragança Paulista
01.20-Salgados;alterosa;15/06/2022;16/06/2022;R$ 100,40;R$ 100,40;Pago;1/1;01.20.01-Alterosa;Inverno D´Italia Bragança Paulista
01.15-Mercado;VENCEDOR;15/06/2022;16/06/2022;R$ 798,55;R$ 798,55;Pago;1/1;01.15.07-SUPERMERCADO VENCEDOR;Inverno D´Italia Bragança Paulista
01.00-Aluguel;ALUGUEL MAQUINA DE CAFE ASTORIA;15/06/2022;;R$ 450,00;;Atrasada;1/1;01.00.02-ALUGUEL - CANECAO MAQUINAS DE CAFE - Nilton;Inverno D´Italia Bragança Paulista
01.21-FRANQUIA-Pedido semanal;FRANQUIA;15/06/2022;16/06/2022;R$ 4.958,10;R$ 4.958,10;Pago;1/1;01.21.01 -Franquia Inverno Ditalia;Inverno D´Italia Bragança Paulista
01.11-Delivery;Saída do caixa 1799. EDUARDO;15/05/2022;15/05/2022;R$ 75,00;R$ 75,00;Pago;1/1;01.11.02-MOTOBOY EXTERNO;Inverno D´Italia Bragança Paulista
02.08-Vale Transporte;Saída do caixa 1799. FEH - JUH - DRII;15/05/2022;15/05/2022;R$ 30,00;R$ 30,00;Pago;1/1;02.08.01-TRANSPORTE;Inverno D´Italia Bragança Paulista
01.06-Freelance-Temporario;Saída do caixa 1799. JUH - DRII;15/05/2022;15/05/2022;R$ 96,00;R$ 96,00;Pago;1/1;01.06.01-Colaboradora Freelance;Inverno D´Italia Bragança Paulista
02.05-Horas Extras;Saída do caixa 1799. JUH - DRII;15/05/2022;15/05/2022;R$ 42,00;R$ 42,00;Pago;1/1;02.05.01 - Hora Extra colaboradores;Inverno D´Italia Bragança Paulista
06.06-Estorno Cliente;Saída do caixa 1799. ESTORNO;15/05/2022;15/05/2022;R$ 19,00;R$ 19,00;Pago;1/1;06.06.01 - Estorno Cliente;Inverno D´Italia Bragança Paulista
02.08-Vale Transporte;Saída do caixa 1829. V.T;14/06/2022;14/06/2022;R$ 40,00;R$ 40,00;Pago;1/1;02.08.01-TRANSPORTE;Inverno D´Italia Bragança Paulista
01.11-Delivery;Saída do caixa 1829. ANTONIO;14/06/2022;14/06/2022;R$ 280,00;R$ 280,00;Pago;1/1;01.11.01-MOTOBOY INTERNO;Inverno D´Italia Bragança Paulista
02.14-FreeLance;Saída do caixa 1829. FREE;14/06/2022;14/06/2022;R$ 100,00;R$ 100,00;Pago;1/1;02.14.01-Freelance Balconista;Inverno D´Italia Bragança Paulista
01.16-Doces;Saída do caixa 1829. COXINHA DE MORANGO;14/06/2022;14/06/2022;R$ 60,00;R$ 60,00;Pago;1/1;01.16.01-Palha italiana;Inverno D´Italia Bragança Paulista
01.11-Delivery;Saída do caixa 1829. LUCAS 1;14/06/2022;14/06/2022;R$ 10,00;R$ 10,00;Pago;1/1;01.11.02-MOTOBOY EXTERNO;Inverno D´Italia Bragança Paulista
01.16-Doces;Saída do caixa 1829. RAFINEE;14/06/2022;14/06/2022;R$ 100,00;R$ 100,00;Pago;1/1;01.16.04-Rafineé;Inverno D´Italia Bragança Paulista
01.16-Doces;real bolos;14/06/2022;16/06/2022;R$ 66,00;R$ 66,00;Pago;1/1;01.16.07-Real Bolos;Inverno D´Italia Bragança Paulista
01.13-Embalagens;ponto certo;14/06/2022;16/06/2022;R$ 239,80;R$ 239,80;Pago;1/1;01.13.01-Ponto certo;Inverno D´Italia Bragança Paulista
01.20-Salgados;alterosa;14/06/2022;16/06/2022;R$ 82,90;R$ 82,90;Pago;1/1;01.20.01-Alterosa;Inverno D´Italia Bragança Paulista
01.15-Mercado;COMERCIAL ESPERANÇA;14/06/2022;16/06/2022;R$ 160,93;R$ 160,93;Pago;1/1;01.15.09-Comercial Esperança;Inverno D´Italia Bragança Paulista
01.15-Mercado;SPANI;14/06/2022;16/06/2022;R$ 100,75;R$ 100,75;Pago;1/1;01.15.06-SPANI;Inverno D´Italia Bragança Paulista
01.13-Embalagens;MULTICAIXAS;14/06/2022;16/06/2022;R$ 248,40;R$ 248,40;Pago;1/1;01.13.05-MULTICAIXAS ATBAIA EMBALAGENS;Inverno D´Italia Bragança Paulista
01.15-Mercado;SPANI;14/06/2022;16/06/2022;R$ 48,14;R$ 48,14;Pago;1/1;01.15.06-SPANI;Inverno D´Italia Bragança Paulista
01.13-Embalagens;EMBALAGENS BRAGANÇA;14/06/2022;16/06/2022;R$ 64,52;R$ 64,52;Pago;1/1;01.13.02-Bragança Embalagens;Inverno D´Italia Bragança Paulista
06.06-Estorno Cliente;Saída do caixa 1798. estorno;14/05/2022;14/05/2022;R$ 12,00;R$ 12,00;Pago;1/1;06.06.01 - Estorno Cliente;Inverno D´Italia Bragança Paulista
01.15-Mercado;Saída do caixa 1798. presunto;14/05/2022;14/05/2022;R$ 10,00;R$ 10,00;Pago;1/1;;Inverno D´Italia Bragança Paulista
01.20-Salgados;Saída do caixa 1798. alterosa;14/05/2022;14/05/2022;R$ 30,00;R$ 30,00;Pago;1/1;01.20.01-Alterosa;Inverno D´Italia Bragança Paulista
01.12-Papelaria;Saída do caixa 1798. papelaria;14/05/2022;14/05/2022;R$ 6,00;R$ 6,00;Pago;1/1;01.12.01-Papelaria São Benedito;Inverno D´Italia Bragança Paulista
06.06-Estorno Cliente;Saída do caixa 1798. estorno;14/05/2022;14/05/2022;R$ 4,00;R$ 4,00;Pago;1/1;06.06.01 - Estorno Cliente;Inverno D´Italia Bragança Paulista
01.11-Delivery;Saída do caixa 1798. lucas;14/05/2022;14/05/2022;R$ 104,00;R$ 104,00;Pago;1/1;01.11.02-MOTOBOY EXTERNO;Inverno D´Italia Bragança Paulista
02.08-Vale Transporte;Saída do caixa 1798. v.t;14/05/2022;14/05/2022;R$ 80,00;R$ 80,00;Pago;1/1;02.08.01-TRANSPORTE;Inverno D´Italia Bragança Paulista
02.14-FreeLance;Saída do caixa 1798. free;14/05/2022;14/05/2022;R$ 144,00;R$ 144,00;Pago;1/1;02.14.01-Freelance Balconista;Inverno D´Italia Bragança Paulista
01.11-Delivery;Saída do caixa 1798. LUCAS;14/05/2022;14/05/2022;R$ 107,00;R$ 107,00;Pago;1/1;01.11.02-MOTOBOY EXTERNO;Inverno D´Italia Bragança Paulista
01.11-Delivery;Saída do caixa 1798. ANTONIO 13/05;14/05/2022;14/05/2022;R$ 160,00;R$ 160,00;Pago;1/1;01.11.01-MOTOBOY INTERNO;Inverno D´Italia Bragança Paulista
01.17-Hortifruti;varejao;14/05/2022;21/05/2022;R$ 95,00;R$ 95,00;Pago;1/1;01.17.01-Varejão;Inverno D´Italia Bragança Paulista
01.20-Salgados;alterosa;14/05/2022;21/05/2022;R$ 91,00;R$ 91,00;Pago;1/1;01.20.01-Alterosa;Inverno D´Italia Bragança Paulista
01.13-Embalagens;ponto certo;14/05/2022;21/05/2022;R$ 211,82;R$ 211,82;Pago;1/1;01.13.01-Ponto certo;Inverno D´Italia Bragança Paulista
01.16-Doces;real bolos;14/05/2022;21/05/2022;R$ 101,00;R$ 101,00;Pago;1/1;01.16.07-Real Bolos;Inverno D´Italia Bragança Paulista
01.15-Mercado;COMERCIAL ESPERANCA;14/05/2022;23/05/2022;R$ 347,72;R$ 347,72;Pago;1/1;01.15.09-Comercial Esperança;Inverno D´Italia Bragança Paulista
01.11-Delivery;Saída do caixa 1828. antonio;13/06/2022;13/06/2022;R$ 199,00;R$ 199,00;Pago;1/1;01.11.01-MOTOBOY INTERNO;Inverno D´Italia Bragança Paulista
02.08-Vale Transporte;Saída do caixa 1828. v.t;13/06/2022;13/06/2022;R$ 60,00;R$ 60,00;Pago;1/1;02.08.01-TRANSPORTE;Inverno D´Italia Bragança Paulista
02.14-FreeLance;Saída do caixa 1828. free;13/06/2022;13/06/2022;R$ 100,00;R$ 100,00;Pago;1/1;02.14.01-Freelance Balconista;Inverno D´Italia Bragança Paulista
01.07-Manutenção Geral;Saída do caixa 1828. jesse;13/06/2022;13/06/2022;R$ 130,00;R$ 130,00;Pago;1/1;;Inverno D´Italia Bragança Paulista
01.13-Embalagens;Saída do caixa 1828. renato embalagens;13/06/2022;13/06/2022;R$ 125,00;R$ 125,00;Pago;1/1;01.13.03-RENATO EMBALAGENS;Inverno D´Italia Bragança Paulista
03.03-Instalações Gerais;Saída do caixa 1828. adesivos;13/06/2022;13/06/2022;R$ 32,00;R$ 32,00;Pago;1/1;;Inverno D´Italia Bragança Paulista
01.16-Doces;real bolos;13/06/2022;16/06/2022;R$ 100,00;R$ 100,00;Pago;1/1;01.16.07-Real Bolos;Inverno D´Italia Bragança Paulista
01.15-Mercado;joel agua;13/06/2022;16/06/2022;R$ 85,00;R$ 85,00;Pago;1/1;;Inverno D´Italia Bragança Paulista
01.15-Mercado;lu produtos naturais;13/06/2022;16/06/2022;R$ 95,02;R$ 95,02;Pago;1/1;01.15.20 - Lu produtos naturais;Inverno D´Italia Bragança Paulista
01.17-Hortifruti;varejao;13/06/2022;16/06/2022;R$ 85,00;R$ 85,00;Pago;1/1;01.17.01-Varejão;Inverno D´Italia Bragança Paulista
01.20-Salgados;alterosa;13/06/2022;16/06/2022;R$ 82,90;R$ 82,90;Pago;1/1;01.20.01-Alterosa;Inverno D´Italia Bragança Paulista
01.15-Mercado;COMERCIAL ESPERANÇA;13/06/2022;16/06/2022;R$ 668,95;R$ 668,95;Pago;1/1;01.15.09-Comercial Esperança;Inverno D´Italia Bragança Paulista
01.15-Mercado;CLUB DO CHOCOLATE;13/06/2022;16/06/2022;R$ 121,20;R$ 121,20;Pago;1/1;01.15.01-Clube do chocolate;Inverno D´Italia Bragança Paulista
01.00-Aluguel;ALUGUEL PREDIO;13/06/2022;16/06/2022;R$ 6.885,00;R$ 6.885,00;Pago;1/1;01.00.01-ALUGUEL - IMOBILIARIA NASCEL;Inverno D´Italia Bragança Paulista
01.13-Embalagens;Saída do caixa 1797. ponto certo;13/05/2022;13/05/2022;R$ 108,00;R$ 108,00;Pago;1/1;01.13.01-Ponto certo;Inverno D´Italia Bragança Paulista
01.11-Delivery;Saída do caixa 1797. antonio referente ao dia 12/05;13/05/2022;13/05/2022;R$ 167,00;R$ 167,00;Pago;1/1;01.11.01-MOTOBOY INTERNO;Inverno D´Italia Bragança Paulista
01.11-Delivery;Saída do caixa 1797. rodrigo;13/05/2022;13/05/2022;R$ 20,00;R$ 20,00;Pago;1/1;01.11.02-MOTOBOY EXTERNO;Inverno D´Italia Bragança Paulista
02.14-FreeLance;Saída do caixa 1797. free;13/05/2022;13/05/2022;R$ 96,00;R$ 96,00;Pago;1/1;02.14.01-Freelance Balconista;Inverno D´Italia Bragança Paulista
02.08-Vale Transporte;Saída do caixa 1797. v.t;13/05/2022;13/05/2022;R$ 40,00;R$ 40,00;Pago;1/1;02.08.01-TRANSPORTE;Inverno D´Italia Bragança Paulista
01.20-Salgados;ALTEROSA;13/05/2022;13/05/2022;R$ 82,90;R$ 82,90;Pago;1/1;01.20.01-Alterosa;Inverno D´Italia Bragança Paulista
01.17-Hortifruti;VAREJAO;13/05/2022;13/05/2022;R$ 69,00;R$ 69,00;Pago;1/1;01.17.01-Varejão;Inverno D´Italia Bragança Paulista
01.16-Doces;REAL BOLOS;13/05/2022;13/05/2022;R$ 123,00;R$ 123,00;Pago;1/1;01.16.07-Real Bolos;Inverno D´Italia Bragança Paulista
02.05-Horas Extras;Saída do caixa 1797. HORA EXTRA;13/05/2022;13/05/2022;R$ 7,00;R$ 7,00;Pago;1/1;02.05.01 - Hora Extra colaboradores;Inverno D´Italia Bragança Paulista
02.08-Vale Transporte;Saída do caixa 1827. FERNANDA- AMANDA;12/06/2022;12/06/2022;R$ 20,00;R$ 20,00;Pago;1/1;02.08.01-TRANSPORTE;Inverno D´Italia Bragança Paulista
01.11-Delivery;Saída do caixa 1827. ANTONIO;12/06/2022;12/06/2022;R$ 163,00;R$ 163,00;Pago;1/1;01.11.01-MOTOBOY INTERNO;Inverno D´Italia Bragança Paulista
06.06-Estorno Cliente;Saída do caixa 1827. ESTORNO;12/06/2022;12/06/2022;R$ 7,00;R$ 7,00;Pago;1/1;06.06.01 - Estorno Cliente;Inverno D´Italia Bragança Paulista
01.11-Delivery;Saída do caixa 1796. ANTONIO 15;12/05/2022;12/05/2022;R$ 167,00;R$ 167,00;Pago;1/1;01.11.01-MOTOBOY INTERNO;Inverno D´Italia Bragança Paulista
01.11-Delivery;Saída do caixa 1796. LUCAS;12/05/2022;12/05/2022;R$ 7,00;R$ 7,00;Pago;1/1;01.11.02-MOTOBOY EXTERNO;Inverno D´Italia Bragança Paulista
01.11-Delivery;Saída do caixa 1796. MANOEL;12/05/2022;12/05/2022;R$ 14,00;R$ 14,00;Pago;1/1;01.11.02-MOTOBOY EXTERNO;Inverno D´Italia Bragança Paulista
01.16-Doces;Saída do caixa 1796. REAL BOLOS;12/05/2022;12/05/2022;R$ 76,00;R$ 76,00;Pago;1/1;01.16.07-Real Bolos;Inverno D´Italia Bragança Paulista
02.14-FreeLance;Saída do caixa 1796. FREE;12/05/2022;12/05/2022;R$ 144,00;R$ 144,00;Pago;1/1;02.14.01-Freelance Balconista;Inverno D´Italia Bragança Paulista
02.08-Vale Transporte;Saída do caixa 1796. V.T;12/05/2022;12/05/2022;R$ 50,00;R$ 50,00;Pago;1/1;02.08.01-TRANSPORTE;Inverno D´Italia Bragança Paulista
02.14-FreeLance;Saída do caixa 1796. FREE REFERENTE AO DIA 11/05 JU E EMILI;12/05/2022;12/05/2022;R$ 96,00;R$ 96,00;Pago;1/1;02.14.01-Freelance Balconista;Inverno D´Italia Bragança Paulista
01.17-Hortifruti;Saída do caixa 1796. VAREJAO;12/05/2022;12/05/2022;R$ 134,00;R$ 134,00;Pago;1/1;01.17.01-Varejão;Inverno D´Italia Bragança Paulista
01.20-Salgados;ALTEROSA;12/05/2022;12/05/2022;R$ 58,20;R$ 58,20;Pago;1/1;01.20.01-Alterosa;Inverno D´Italia Bragança Paulista
01.13-Embalagens;PONTO CERTO;12/05/2022;12/05/2022;R$ 38,88;R$ 38,88;Pago;1/1;01.13.01-Ponto certo;Inverno D´Italia Bragança Paulista
01.21-FRANQUIA-Pedido semanal;FRANQUIA;12/05/2022;12/05/2022;R$ 5.790,27;R$ 5.790,27;Pago;1/1;01.21.01 -Franquia Inverno Ditalia;Inverno D´Italia Bragança Paulista
01.00-Aluguel;ALUGUEL;12/05/2022;12/05/2022;R$ 6.385,00;R$ 6.385,00;Pago;1/1;01.00.01-ALUGUEL - IMOBILIARIA NASCEL;Inverno D´Italia Bragança Paulista
01.15-Mercado;COMERCIAL ESPERANCA;12/05/2022;12/05/2022;R$ 383,05;R$ 383,05;Pago;1/1;01.15.09-Comercial Esperança;Inverno D´Italia Bragança Paulista
02.08-Vale Transporte;Saída do caixa 1796. V.T;12/05/2022;12/05/2022;R$ 30,00;R$ 30,00;Pago;1/1;02.08.01-TRANSPORTE;Inverno D´Italia Bragança Paulista
01.16-Doces;REAL BOLOS;11/06/2022;11/06/2022;R$ 137,00;R$ 137,00;Pago;1/1;01.16.07-Real Bolos;Inverno D´Italia Bragança Paulista
01.15-Mercado;COMERCIAL ESPERANÇA;11/06/2022;11/06/2022;R$ 293,76;R$ 293,76;Pago;1/1;01.15.09-Comercial Esperança;Inverno D´Italia Bragança Paulista
01.17-Hortifruti;varejao;11/06/2022;11/06/2022;R$ 45,00;R$ 45,00;Pago;1/1;01.17.01-Varejão;Inverno D´Italia Bragança Paulista
01.20-Salgados;alterosa;11/06/2022;11/06/2022;R$ 82,90;R$ 82,90;Pago;1/1;01.20.01-Alterosa;Inverno D´Italia Bragança Paulista
01.20-Salgados;alterosa;11/06/2022;11/06/2022;R$ 47,60;R$ 47,60;Pago;1/1;01.20.01-Alterosa;Inverno D´Italia Bragança Paulista
01.11-Delivery;Saída do caixa 1826. ANTONIO;11/06/2022;11/06/2022;R$ 158,00;R$ 158,00;Pago;1/1;01.11.01-MOTOBOY INTERNO;Inverno D´Italia Bragança Paulista
02.14-FreeLance;Saída do caixa 1826. FREE;11/06/2022;11/06/2022;R$ 100,00;R$ 100,00;Pago;1/1;02.14.01-Freelance Balconista;Inverno D´Italia Bragança Paulista
02.08-Vale Transporte;Saída do caixa 1826. V.T;11/06/2022;11/06/2022;R$ 60,00;R$ 60,00;Pago;1/1;02.08.01-TRANSPORTE;Inverno D´Italia Bragança Paulista
06.06-Estorno Cliente;Saída do caixa 1826. ESTORNO;11/06/2022;11/06/2022;R$ 6,00;R$ 6,00;Pago;1/1;06.06.01 - Estorno Cliente;Inverno D´Italia Bragança Paulista
01.20-Salgados;Saída do caixa 1795. EDU EMPADAS;11/05/2022;11/05/2022;R$ 68,00;R$ 68,00;Pago;1/1;01.20.02-Edu empada;Inverno D´Italia Bragança Paulista
01.11-Delivery;Saída do caixa 1795. CORRIDAS LUCAS 7;11/05/2022;11/05/2022;R$ 45,00;R$ 45,00;Pago;1/1;01.11.02-MOTOBOY EXTERNO;Inverno D´Italia Bragança Paulista
01.16-Doces;Saída do caixa 1795. COXINHA DE BRIGADEIRO;11/05/2022;11/05/2022;R$ 75,00;R$ 75,00;Pago;1/1;;Inverno D´Italia Bragança Paulista
01.11-Delivery;Saída do caixa 1795. RODRIGO 1;11/05/2022;11/05/2022;R$ 8,00;R$ 8,00;Pago;1/1;01.11.02-MOTOBOY EXTERNO;Inverno D´Italia Bragança Paulista
06.06-Estorno Cliente;Saída do caixa 1795. ESTORNO;11/05/2022;11/05/2022;R$ 4,00;R$ 4,00;Pago;1/1;06.06.01 - Estorno Cliente;Inverno D´Italia Bragança Paulista
01.16-Doces;Saída do caixa 1795. CONES;11/05/2022;11/05/2022;R$ 44,00;R$ 44,00;Pago;1/1;;Inverno D´Italia Bragança Paulista
01.11-Delivery;Saída do caixa 1795. ANTONIO 18 REFERENTE 10/05;11/05/2022;11/05/2022;R$ 124,00;R$ 124,00;Pago;1/1;01.11.01-MOTOBOY INTERNO;Inverno D´Italia Bragança Paulista
01.11-Delivery;Saída do caixa 1795. CORRIDAS ANTONIO 22 HJ;11/05/2022;11/05/2022;R$ 141,00;R$ 141,00;Pago;1/1;01.11.01-MOTOBOY INTERNO;Inverno D´Italia Bragança Paulista
02.08-Vale Transporte;Saída do caixa 1795. V.T;11/05/2022;11/05/2022;R$ 80,00;R$ 80,00;Pago;1/1;02.08.01-TRANSPORTE;Inverno D´Italia Bragança Paulista
01.16-Doces;REAL BOLOS;11/05/2022;11/05/2022;R$ 74,00;R$ 74,00;Pago;1/1;01.16.07-Real Bolos;Inverno D´Italia Bragança Paulista
01.13-Embalagens;PONTO CERTO;11/05/2022;11/05/2022;R$ 51,00;R$ 51,00;Pago;1/1;01.13.01-Ponto certo;Inverno D´Italia Bragança Paulista
01.13-Embalagens;PONTO CERTO;11/05/2022;11/05/2022;R$ 77,72;R$ 77,72;Pago;1/1;01.13.01-Ponto certo;Inverno D´Italia Bragança Paulista
01.15-Mercado;COMERCIAL ESPERANÇA;11/05/2022;11/05/2022;R$ 125,74;R$ 125,74;Pago;1/1;01.15.09-Comercial Esperança;Inverno D´Italia Bragança Paulista
01.11-Delivery;Saída do caixa 1825. antonio 28;10/06/2022;10/06/2022;R$ 187,00;R$ 187,00;Pago;1/1;01.11.01-MOTOBOY INTERNO;Inverno D´Italia Bragança Paulista
02.08-Vale Transporte;Saída do caixa 1825. v.t;10/06/2022;10/06/2022;R$ 60,00;R$ 60,00;Pago;1/1;02.08.01-TRANSPORTE;Inverno D´Italia Bragança Paulista
02.14-FreeLance;Saída do caixa 1825. free;10/06/2022;10/06/2022;R$ 100,00;R$ 100,00;Pago;1/1;02.14.01-Freelance Balconista;Inverno D´Italia Bragança Paulista
01.11-Delivery;Saída do caixa 1825. RODRIGO;10/06/2022;10/06/2022;R$ 7,00;R$ 7,00;Pago;1/1;01.11.02-MOTOBOY EXTERNO;Inverno D´Italia Bragança Paulista
01.16-Doces;Saída do caixa 1825. COXINHA DE BRIGADEIRO;10/06/2022;10/06/2022;R$ 60,00;R$ 60,00;Pago;1/1;;Inverno D´Italia Bragança Paulista
01.16-Doces;Saída do caixa 1825. CONE;10/06/2022;10/06/2022;R$ 60,00;R$ 60,00;Pago;1/1;;Inverno D´Italia Bragança Paulista
01.11-Delivery;Saída do caixa 1825. LUCAS;10/06/2022;10/06/2022;R$ 10,00;R$ 10,00;Pago;1/1;01.11.02-MOTOBOY EXTERNO;Inverno D´Italia Bragança Paulista
01.20-Salgados;alterosa;10/06/2022;11/06/2022;R$ 40,40;R$ 40,40;Pago;1/1;01.20.01-Alterosa;Inverno D´Italia Bragança Paulista
01.20-Salgados;alterosa;10/06/2022;11/06/2022;R$ 82,90;R$ 82,90;Pago;1/1;01.20.01-Alterosa;Inverno D´Italia Bragança Paulista
01.13-Embalagens;ponto certo;10/06/2022;11/06/2022;R$ 42,98;R$ 42,98;Pago;1/1;01.13.01-Ponto certo;Inverno D´Italia Bragança Paulista
01.15-Mercado;COMERCIAL ESPERANCA;10/06/2022;11/06/2022;R$ 488,97;R$ 488,97;Pago;1/1;01.15.09-Comercial Esperança;Inverno D´Italia Bragança Paulista
01.15-Mercado;PÃO DE FORMA;10/06/2022;11/06/2022;R$ 48,00;R$ 48,00;Pago;1/1;;Inverno D´Italia Bragança Paulista
01.21-FRANQUIA-Pedido semanal;FRANQUIA;10/06/2022;11/06/2022;R$ 7.843,18;R$ 7.843,18;Pago;1/1;01.21.01 -Franquia Inverno Ditalia;Inverno D´Italia Bragança Paulista
01.13-Embalagens;pack solucoes em embalagens eireli -sacola kraft;10/06/2022;16/06/2022;R$ 373,52;R$ 373,52;Pago;1/1;;Inverno D´Italia Bragança Paulista
01.13-Embalagens;wbl grafica;10/06/2022;16/06/2022;R$ 196,93;R$ 196,93;Pago;1/1;;Inverno D´Italia Bragança Paulista
01.16-Doces;Saída do caixa 1794. RAFINEE;10/05/2022;10/05/2022;R$ 100,00;R$ 100,00;Pago;1/1;01.16.04-Rafineé;Inverno D´Italia Bragança Paulista
01.07-Manutenção Geral;Saída do caixa 1794. ELETRICA CASTRO;10/05/2022;10/05/2022;R$ 21,60;R$ 21,60;Pago;1/1;01.07-01-MATERIAIS EM GERAL;Inverno D´Italia Bragança Paulista
01.11-Delivery;Saída do caixa 1794. MANOEL 1;10/05/2022;10/05/2022;R$ 6,00;R$ 6,00;Pago;1/1;01.11.02-MOTOBOY EXTERNO;Inverno D´Italia Bragança Paulista
02.14-FreeLance;Saída do caixa 1794. REFERENTE HJ E 11/05;10/05/2022;10/05/2022;R$ 96,00;R$ 96,00;Pago;1/1;02.14.01-Freelance Balconista;Inverno D´Italia Bragança Paulista
02.08-Vale Transporte;Saída do caixa 1794. V.T;10/05/2022;10/05/2022;R$ 40,00;R$ 40,00;Pago;1/1;02.08.01-TRANSPORTE;Inverno D´Italia Bragança Paulista
02.08-Vale Transporte;Saída do caixa 1794. FERNANDA V.T REFERENTE A 3 DIAS ANTERIORES;10/05/2022;10/05/2022;R$ 30,00;R$ 30,00;Pago;1/1;02.08.01-TRANSPORTE;Inverno D´Italia Bragança Paulista
01.11-Delivery;Saída do caixa 1794. LUCAS 3;10/05/2022;10/05/2022;R$ 24,00;R$ 24,00;Pago;1/1;01.11.02-MOTOBOY EXTERNO;Inverno D´Italia Bragança Paulista
01.15-Mercado;Saída do caixa 1794. PACOTE DE CAFE GOURMET;10/05/2022;10/05/2022;R$ 70,00;R$ 70,00;Pago;1/1;01.15.07-SUPERMERCADO VENCEDOR;Inverno D´Italia Bragança Paulista
01.07-Manutenção Geral;Saída do caixa 1794. CASA FRANCO;10/05/2022;10/05/2022;R$ 18,00;R$ 18,00;Pago;1/1;01.07-01-MATERIAIS EM GERAL;Inverno D´Italia Bragança Paulista
01.15-Mercado;Saída do caixa 1794. JOEL AGUA;10/05/2022;10/05/2022;R$ 50,00;R$ 50,00;Pago;1/1;01.15.15-SETE AGUAS;Inverno D´Italia Bragança Paulista
02.14-FreeLance;Saída do caixa 1794. FREE;10/05/2022;10/05/2022;R$ 48,00;R$ 48,00;Pago;1/1;02.14.01-Freelance Balconista;Inverno D´Italia Bragança Paulista
01.17-Hortifruti;Saída do caixa 1794. VAREJAO;10/05/2022;10/05/2022;R$ 52,00;R$ 52,00;Pago;1/1;01.17.01-Varejão;Inverno D´Italia Bragança Paulista
01.16-Doces;REAL BOLOS;10/05/2022;11/05/2022;R$ 279,00;R$ 279,00;Pago;1/1;01.16.07-Real Bolos;Inverno D´Italia Bragança Paulista
02.14-FreeLance;Saída do caixa 1824. FREE;09/06/2022;09/06/2022;R$ 100,00;R$ 100,00;Pago;1/1;02.14.01-Freelance Balconista;Inverno D´Italia Bragança Paulista
02.08-Vale Transporte;Saída do caixa 1824. V.T;09/06/2022;09/06/2022;R$ 40,00;R$ 40,00;Pago;1/1;02.08.01-TRANSPORTE;Inverno D´Italia Bragança Paulista
01.11-Delivery;Saída do caixa 1824. ANTONIO;09/06/2022;09/06/2022;R$ 170,00;R$ 170,00;Pago;1/1;01.11.01-MOTOBOY INTERNO;Inverno D´Italia Bragança Paulista
01.13-Embalagens;PONTO CERTO;09/06/2022;11/06/2022;R$ 144,00;R$ 144,00;Pago;1/1;01.13.01-Ponto certo;Inverno D´Italia Bragança Paulista
01.17-Hortifruti;POLPAS E FRUTAS;09/06/2022;11/06/2022;R$ 211,00;R$ 211,00;Pago;1/1;01.17.02- M&E POUPAS E FRUTAS CONGELADAS;Inverno D´Italia Bragança Paulista
01.20-Salgados;alterosa;09/06/2022;11/06/2022;R$ 43,80;R$ 43,80;Pago;1/1;01.20.01-Alterosa;Inverno D´Italia Bragança Paulista
01.16-Doces;real bolos;09/06/2022;11/06/2022;R$ 95,00;R$ 95,00;Pago;1/1;01.16.07-Real Bolos;Inverno D´Italia Bragança Paulista
01.16-Doces;Saída do caixa 1793. REAL BOLOS;09/05/2022;09/05/2022;R$ 250,00;R$ 250,00;Pago;1/1;01.16.07-Real Bolos;Inverno D´Italia Bragança Paulista
01.13-Embalagens;Saída do caixa 1793. PONTO CERTO;09/05/2022;09/05/2022;R$ 139,80;R$ 139,80;Pago;1/1;01.13.01-Ponto certo;Inverno D´Italia Bragança Paulista
03.01-Itens para Cozinha;Saída do caixa 1793. ESTRELA DO LAR;09/05/2022;09/05/2022;R$ 40,00;R$ 40,00;Pago;1/1;ESTRELA DO LAR;Inverno D´Italia Bragança Paulista
01.11-Delivery;Saída do caixa 1793. ANTONIO 25;09/05/2022;09/05/2022;R$ 157,00;R$ 157,00;Pago;1/1;01.11.01-MOTOBOY INTERNO;Inverno D´Italia Bragança Paulista
02.14-FreeLance;Saída do caixa 1793. FREE;09/05/2022;09/05/2022;R$ 144,00;R$ 144,00;Pago;1/1;02.14.01-Freelance Balconista;Inverno D´Italia Bragança Paulista
02.08-Vale Transporte;Saída do caixa 1793. V.T;09/05/2022;09/05/2022;R$ 80,00;R$ 80,00;Pago;1/1;02.08.01-TRANSPORTE;Inverno D´Italia Bragança Paulista
01.15-Mercado;COMERCIAL ESPERANCA;09/05/2022;10/05/2022;R$ 685,08;R$ 685,08;Pago;1/1;01.15.09-Comercial Esperança;Inverno D´Italia Bragança Paulista
01.15-Mercado;SORVETE;09/05/2022;10/05/2022;R$ 19,00;R$ 19,00;Pago;1/1;;Inverno D´Italia Bragança Paulista
01.15-Mercado;PAO DE FORMA;09/05/2022;10/05/2022;R$ 60,00;R$ 60,00;Pago;1/1;;Inverno D´Italia Bragança Paulista
01.15-Mercado;CLUB DO CHOCOLATE;09/05/2022;10/05/2022;R$ 106,87;R$ 106,87;Pago;1/1;01.15.01-Clube do chocolate;Inverno D´Italia Bragança Paulista
01.11-Delivery;Saída do caixa 1823. ANTONIO;08/06/2022;08/06/2022;R$ 200,00;R$ 200,00;Pago;1/1;01.11.01-MOTOBOY INTERNO;Inverno D´Italia Bragança Paulista
01.11-Delivery;Saída do caixa 1823. MANOEL;08/06/2022;08/06/2022;R$ 7,00;R$ 7,00;Pago;1/1;01.11.01-MOTOBOY INTERNO;Inverno D´Italia Bragança Paulista
02.14-FreeLance;Saída do caixa 1823. FREE;08/06/2022;08/06/2022;R$ 150,00;R$ 150,00;Pago;1/1;02.14.01-Freelance Balconista;Inverno D´Italia Bragança Paulista
02.08-Vale Transporte;Saída do caixa 1823. V.T;08/06/2022;08/06/2022;R$ 70,00;R$ 70,00;Pago;1/1;02.08.01-TRANSPORTE;Inverno D´Italia Bragança Paulista
01.12-Papelaria;Saída do caixa 1823. PAPELARIA;08/06/2022;08/06/2022;R$ 24,00;R$ 24,00;Pago;1/1;01.12.01-Papelaria São Benedito;Inverno D´Italia Bragança Paulista
02.08-Vale Transporte;Saída do caixa 1823. V.T;08/06/2022;08/06/2022;R$ 10,00;R$ 10,00;Pago;1/1;02.08.01-TRANSPORTE;Inverno D´Italia Bragança Paulista
01.17-Hortifruti;VAREJAO;08/06/2022;11/06/2022;R$ 45,00;R$ 45,00;Pago;1/1;01.17.01-Varejão;Inverno D´Italia Bragança Paulista
01.20-Salgados;ALTEROSA;08/06/2022;11/06/2022;R$ 82,90;R$ 82,90;Pago;1/1;01.20.01-Alterosa;Inverno D´Italia Bragança Paulista
01.07-Manutenção Geral;ESTRELA DO LAR;08/06/2022;11/06/2022;R$ 35,95;R$ 35,95;Pago;1/1;;Inverno D´Italia Bragança Paulista
01.17-Hortifruti;VAREJAO;08/06/2022;11/06/2022;R$ 90,00;R$ 90,00;Pago;1/1;01.17.01-Varejão;Inverno D´Italia Bragança Paulista
01.13-Embalagens;PONTO CERTO;08/06/2022;11/06/2022;R$ 218,00;R$ 218,00;Pago;1/1;01.13.01-Ponto certo;Inverno D´Italia Bragança Paulista
01.20-Salgados;ALTEROSA;08/06/2022;11/06/2022;R$ 117,90;R$ 117,90;Pago;1/1;01.20.01-Alterosa;Inverno D´Italia Bragança Paulista
01.16-Doces;REAL BOLOS;08/06/2022;11/06/2022;R$ 100,00;R$ 100,00;Pago;1/1;01.16.07-Real Bolos;Inverno D´Italia Bragança Paulista
01.13-Embalagens;BRAGANÇA EMBALAGENS;08/06/2022;11/06/2022;R$ 24,17;R$ 24,17;Pago;1/1;01.13.02-Bragança Embalagens;Inverno D´Italia Bragança Paulista
01.07-Manutenção Geral;ESTRELA DO LAR;08/06/2022;11/06/2022;R$ 67,93;R$ 67,93;Pago;1/1;;Inverno D´Italia Bragança Paulista
NITROJET;NITROJET;08/06/2022;11/06/2022;R$ 178,00;R$ 178,00;Pago;1/1;;Inverno D´Italia Bragança Paulista
02.14-FreeLance;Saída do caixa 1792. EMILI E JULIA;08/05/2022;08/05/2022;R$ 96,00;R$ 96,00;Pago;1/1;01.06.01-Colaboradora Freelance;Inverno D´Italia Bragança Paulista
02.05-Horas Extras;Saída do caixa 1792. JULIA-EMILY-LETICIA;08/05/2022;08/05/2022;R$ 63,00;R$ 63,00;Pago;1/1;02.05.01 - Hora Extra colaboradores;Inverno D´Italia Bragança Paulista
02.08-Vale Transporte;Saída do caixa 1792. EMILY- LETICIA- JULIA;08/05/2022;08/05/2022;R$ 30,00;R$ 30,00;Pago;1/1;01.06.01-Colaboradora Freelance;Inverno D´Italia Bragança Paulista
01.11-Delivery;Saída do caixa 1792. EDUARDO 13 CORRIDAS;08/05/2022;08/05/2022;R$ 94,00;R$ 94,00;Pago;1/1;01.11.02-MOTOBOY EXTERNO;Inverno D´Italia Bragança Paulista
06.06-Estorno Cliente;Saída do caixa 1792. cliente;08/05/2022;08/05/2022;R$ 31,00;R$ 31,00;Pago;1/1;06.06.01 - Estorno Cliente;Inverno D´Italia Bragança Paulista
01.11-Delivery;Saída do caixa 1822. CORRIDAS ANTONIO;07/06/2022;07/06/2022;R$ 157,00;R$ 157,00;Pago;1/1;01.11.01-MOTOBOY INTERNO;Inverno D´Italia Bragança Paulista
01.11-Delivery;Saída do caixa 1822. MANOEL;07/06/2022;07/06/2022;R$ 14,00;R$ 14,00;Pago;1/1;01.11.02-MOTOBOY EXTERNO;Inverno D´Italia Bragança Paulista
02.14-FreeLance;Saída do caixa 1822. FREE;07/06/2022;07/06/2022;R$ 150,00;R$ 150,00;Pago;1/1;02.14.01-Freelance Balconista;Inverno D´Italia Bragança Paulista
02.08-Vale Transporte;Saída do caixa 1822. V.T;07/06/2022;07/06/2022;R$ 40,00;R$ 40,00;Pago;1/1;02.08.01-TRANSPORTE;Inverno D´Italia Bragança Paulista
01.16-Doces;Saída do caixa 1822. COXINHA DE BRIGADEIRO;07/06/2022;07/06/2022;R$ 60,00;R$ 60,00;Pago;1/1;;Inverno D´Italia Bragança Paulista
01.12-Papelaria;Saída do caixa 1822. PAPELARIA;07/06/2022;07/06/2022;R$ 20,00;R$ 20,00;Pago;1/1;01.12.01-Papelaria São Benedito;Inverno D´Italia Bragança Paulista
01.20-Salgados;ALTEROSA;07/06/2022;07/06/2022;R$ 82,90;R$ 82,90;Pago;1/1;01.20.01-Alterosa;Inverno D´Italia Bragança Paulista
01.17-Hortifruti;POLPAS E FRUTAS;07/06/2022;07/06/2022;R$ 135,00;R$ 135,00;Pago;1/1;01.17.02- M&E POUPAS E FRUTAS CONGELADAS;Inverno D´Italia Bragança Paulista
01.16-Doces;REAL BOLOS;07/06/2022;07/06/2022;R$ 103,00;R$ 103,00;Pago;1/1;01.16.07-Real Bolos;Inverno D´Italia Bragança Paulista
01.13-Embalagens;PONTO CERTO;07/06/2022;07/06/2022;R$ 38,76;R$ 38,76;Pago;1/1;01.13.01-Ponto certo;Inverno D´Italia Bragança Paulista
01.13-Embalagens;PONTO CERTO;07/06/2022;07/06/2022;R$ 42,90;R$ 42,90;Pago;1/1;01.13.01-Ponto certo;Inverno D´Italia Bragança Paulista
01.15-Mercado;UNIAO;07/06/2022;11/06/2022;R$ 35,47;R$ 35,47;Pago;1/1;01.15.08-MERCADO UNIAO;Inverno D´Italia Bragança Paulista
01.15-Mercado;COMERCIAL ESPERANCA;07/06/2022;11/06/2022;R$ 494,69;R$ 494,69;Pago;1/1;01.15.09-Comercial Esperança;Inverno D´Italia Bragança Paulista
01.15-Mercado;CLUB DO CHOCOLATE;07/06/2022;11/06/2022;R$ 121,20;R$ 121,20;Pago;1/1;01.15.01-Clube do chocolate;Inverno D´Italia Bragança Paulista
01.11-Delivery;Saída do caixa 1791. lucas 4;07/05/2022;07/05/2022;R$ 30,00;R$ 30,00;Pago;1/1;01.11.02-MOTOBOY EXTERNO;Inverno D´Italia Bragança Paulista
01.11-Delivery;Saída do caixa 1791. manoel 9;07/05/2022;07/05/2022;R$ 60,00;R$ 60,00;Pago;1/1;01.11.03-2R;Inverno D´Italia Bragança Paulista
01.11-Delivery;Saída do caixa 1791. rodrigo 1;07/05/2022;07/05/2022;R$ 7,00;R$ 7,00;Pago;1/1;01.11.02-MOTOBOY EXTERNO;Inverno D´Italia Bragança Paulista
01.11-Delivery;Saída do caixa 1791. molinari 3;07/05/2022;07/05/2022;R$ 26,00;R$ 26,00;Pago;1/1;01.11.02-MOTOBOY EXTERNO;Inverno D´Italia Bragança Paulista
01.16-Doces;Saída do caixa 1791. real bolos;07/05/2022;07/05/2022;R$ 205,00;R$ 205,00;Pago;1/1;01.16.07-Real Bolos;Inverno D´Italia Bragança Paulista
01.15-Mercado;Saída do caixa 1791. agua joel;07/05/2022;07/05/2022;R$ 37,00;R$ 37,00;Pago;1/1;01.15.15-SETE AGUAS;Inverno D´Italia Bragança Paulista
03.02-Mão de Obra;Saída do caixa 1791. zona azul;07/05/2022;07/05/2022;R$ 10,00;R$ 10,00;Pago;1/1;;Inverno D´Italia Bragança Paulista
02.14-FreeLance;Saída do caixa 1791. free;07/05/2022;07/05/2022;R$ 144,00;R$ 144,00;Pago;1/1;02.14.01-Freelance Balconista;Inverno D´Italia Bragança Paulista
02.08-Vale Transporte;Saída do caixa 1791. v.t;07/05/2022;07/05/2022;R$ 80,00;R$ 80,00;Pago;1/1;02.08.01-TRANSPORTE;Inverno D´Italia Bragança Paulista
06.06-Estorno Cliente;Saída do caixa 1791. estorno;07/05/2022;07/05/2022;R$ 7,00;R$ 7,00;Pago;1/1;06.06.01 - Estorno Cliente;Inverno D´Italia Bragança Paulista
01.13-Embalagens;PONTO CERTO;07/05/2022;09/05/2022;R$ 209,30;R$ 209,30;Pago;1/1;01.13.01-Ponto certo;Inverno D´Italia Bragança Paulista
01.15-Mercado;COMERCIAL ESPERANÇA;07/05/2022;10/05/2022;R$ 537,27;R$ 537,27;Pago;1/1;01.15.09-Comercial Esperança;Inverno D´Italia Bragança Paulista
01.13-Embalagens;MULTICAIXAS;07/05/2022;10/05/2022;R$ 305,00;R$ 305,00;Pago;1/1;01.13.05-MULTICAIXAS ATBAIA EMBALAGENS;Inverno D´Italia Bragança Paulista
02.14-FreeLance;Saída do caixa 1821. FREE;06/06/2022;06/06/2022;R$ 100,00;R$ 100,00;Pago;1/1;02.14.01-Freelance Balconista;Inverno D´Italia Bragança Paulista
01.15-Mercado;Saída do caixa 1821. AGUA;06/06/2022;06/06/2022;R$ 40,00;R$ 40,00;Pago;1/1;;Inverno D´Italia Bragança Paulista
01.11-Delivery;Saída do caixa 1821. HEBERT;06/06/2022;06/06/2022;R$ 78,00;R$ 78,00;Pago;1/1;01.11.02-MOTOBOY EXTERNO;Inverno D´Italia Bragança Paulista
01.11-Delivery;Saída do caixa 1821. MANOEL;06/06/2022;06/06/2022;R$ 70,00;R$ 70,00;Pago;1/1;01.11.02-MOTOBOY EXTERNO;Inverno D´Italia Bragança Paulista
01.11-Delivery;Saída do caixa 1821. LUCAS;06/06/2022;06/06/2022;R$ 32,00;R$ 32,00;Pago;1/1;01.11.02-MOTOBOY EXTERNO;Inverno D´Italia Bragança Paulista
02.08-Vale Transporte;Saída do caixa 1821. V.T;06/06/2022;06/06/2022;R$ 60,00;R$ 60,00;Pago;1/1;02.08.01-TRANSPORTE;Inverno D´Italia Bragança Paulista
01.20-Salgados;ALTEROSA;06/06/2022;07/06/2022;R$ 117,90;R$ 117,90;Pago;1/1;01.20.01-Alterosa;Inverno D´Italia Bragança Paulista
01.16-Doces;REAL BOLOS;06/06/2022;07/06/2022;R$ 102,00;R$ 102,00;Pago;1/1;01.16.07-Real Bolos;Inverno D´Italia Bragança Paulista
01.17-Hortifruti;VAREJAO;06/06/2022;07/06/2022;R$ 45,00;R$ 45,00;Pago;1/1;01.17.01-Varejão;Inverno D´Italia Bragança Paulista
01.15-Mercado;UNIAO;06/06/2022;11/06/2022;R$ 82,57;R$ 82,57;Pago;1/1;01.15.08-MERCADO UNIAO;Inverno D´Italia Bragança Paulista
01.15-Mercado;PÃO;06/06/2022;11/06/2022;R$ 20,00;R$ 20,00;Pago;1/1;;Inverno D´Italia Bragança Paulista
01.11-Delivery;Saída do caixa 1790. ANTONIO;06/05/2022;06/05/2022;R$ 154,00;R$ 154,00;Pago;1/1;;Inverno D´Italia Bragança Paulista
02.14-FreeLance;Saída do caixa 1790. FREE;06/05/2022;06/05/2022;R$ 144,00;R$ 144,00;Pago;1/1;02.14.01-Freelance Balconista;Inverno D´Italia Bragança Paulista
02.08-Vale Transporte;Saída do caixa 1790. V.T;06/05/2022;06/05/2022;R$ 52,00;R$ 52,00;Pago;1/1;;Inverno D´Italia Bragança Paulista
01.11-Delivery;Saída do caixa 1790. LUCAS;06/05/2022;06/05/2022;R$ 28,00;R$ 28,00;Pago;1/1;;Inverno D´Italia Bragança Paulista
01.11-Delivery;Saída do caixa 1790. HEBERT;06/05/2022;06/05/2022;R$ 10,00;R$ 10,00;Pago;1/1;;Inverno D´Italia Bragança Paulista
01.11-Delivery;Saída do caixa 1790. MANOEL;06/05/2022;06/05/2022;R$ 42,00;R$ 42,00;Pago;1/1;;Inverno D´Italia Bragança Paulista
01.17-Hortifruti;Saída do caixa 1790. VAREJAO;06/05/2022;06/05/2022;R$ 45,00;R$ 45,00;Pago;1/1;01.17.01-Varejão;Inverno D´Italia Bragança Paulista
01.20-Salgados;ALTEROSA;06/05/2022;09/05/2022;R$ 415,70;R$ 415,70;Pago;1/1;01.20.01-Alterosa;Inverno D´Italia Bragança Paulista
02.13-Salário;SALARIO GLEICA;06/05/2022;09/05/2022;R$ 1.279,00;R$ 1.279,00;Pago;1/1;02.13.01-Colaboradora Funcionario;Inverno D´Italia Bragança Paulista
02.08-Vale Transporte;Saída do caixa 1820. FEH, LE E AMANDA;05/06/2022;05/06/2022;R$ 30,00;R$ 30,00;Pago;1/1;02.08.01-TRANSPORTE;Inverno D´Italia Bragança Paulista
01.06-Freelance-Temporario;Saída do caixa 1820. AMANDA;05/06/2022;05/06/2022;R$ 50,00;R$ 50,00;Pago;1/1;01.06.01-Colaboradora Freelance;Inverno D´Italia Bragança Paulista
02.05-Horas Extras;Saída do caixa 1820. AMANDA E FEH;05/06/2022;05/06/2022;R$ 35,00;R$ 35,00;Pago;1/1;02.05.01 - Hora Extra colaboradores;Inverno D´Italia Bragança Paulista
02.14-FreeLance;Saída do caixa 1789. FREE;05/05/2022;05/05/2022;R$ 96,00;R$ 96,00;Pago;1/1;02.14.01-Freelance Balconista;Inverno D´Italia Bragança Paulista
02.08-Vale Transporte;Saída do caixa 1789. V.T;05/05/2022;05/05/2022;R$ 70,00;R$ 70,00;Pago;1/1;02.08.01-TRANSPORTE;Inverno D´Italia Bragança Paulista
01.11-Delivery;Saída do caixa 1789. ANTONIO 28;05/05/2022;05/05/2022;R$ 187,00;R$ 187,00;Pago;1/1;01.11.01-MOTOBOY INTERNO;Inverno D´Italia Bragança Paulista
01.12-Papelaria;Saída do caixa 1789. PAPELARIA;05/05/2022;05/05/2022;R$ 27,00;R$ 27,00;Pago;1/1;01.12.01-Papelaria São Benedito;Inverno D´Italia Bragança Paulista
01.17-Hortifruti;Saída do caixa 1789. VAREJAO;05/05/2022;05/05/2022;R$ 12,00;R$ 12,00;Pago;1/1;01.17.01-Varejão;Inverno D´Italia Bragança Paulista
01.13-Embalagens;Saída do caixa 1789. PONTO CERTO;05/05/2022;05/05/2022;R$ 50,00;R$ 50,00;Pago;1/1;01.13.01-Ponto certo;Inverno D´Italia Bragança Paulista
01.13-Embalagens;Saída do caixa 1789. PONTO CERTO;05/05/2022;05/05/2022;R$ 182,60;R$ 182,60;Pago;1/1;01.13.01-Ponto certo;Inverno D´Italia Bragança Paulista
01.11-Delivery;Saída do caixa 1789. LUCAS;05/05/2022;05/05/2022;R$ 13,00;R$ 13,00;Pago;1/1;01.11.02-MOTOBOY EXTERNO;Inverno D´Italia Bragança Paulista
01.16-Doces;Saída do caixa 1789. RAFINEE;05/05/2022;05/05/2022;R$ 115,00;R$ 115,00;Pago;1/1;01.16.04-Rafineé;Inverno D´Italia Bragança Paulista
01.13-Embalagens;BRAGANÇA EMBALAGENS;05/05/2022;10/05/2022;R$ 119,80;R$ 119,80;Pago;1/1;01.13.02-Bragança Embalagens;Inverno D´Italia Bragança Paulista
01.15-Mercado;COMERCIAL ESPERANCA;05/05/2022;10/05/2022;R$ 572,86;R$ 572,86;Pago;1/1;01.15.09-Comercial Esperança;Inverno D´Italia Bragança Paulista
01.23 - gasolina e manutenção carro;COMBUSTIVEL;05/05/2022;10/05/2022;R$ 200,00;R$ 200,00;Pago;1/1;01.23.01 - Manutenção e combustivel carro;Inverno D´Italia Bragança Paulista
01.21-FRANQUIA-Pedido semanal;FRANQUIA;05/05/2022;10/05/2022;R$ 5.747,41;R$ 5.747,41;Pago;1/1;01.21.01 -Franquia Inverno Ditalia;Inverno D´Italia Bragança Paulista
03.03-Instalações Gerais;AR CONDICIONADO;04/06/2022;;R$ 312,00;;Atrasada;4/5;;Inverno D´Italia Bragança Paulista
01.15-Mercado;Saída do caixa 1819. PAO;04/06/2022;04/06/2022;R$ 20,00;R$ 20,00;Pago;1/1;01.15.16-PADARIA CARDOSO;Inverno D´Italia Bragança Paulista
01.11-Delivery;Saída do caixa 1819. RODRIGO 5 CORRIDAS;04/06/2022;04/06/2022;R$ 36,00;R$ 36,00;Pago;1/1;01.11.02-MOTOBOY EXTERNO;Inverno D´Italia Bragança Paulista
01.11-Delivery;Saída do caixa 1819. MANUEL;04/06/2022;04/06/2022;R$ 109,00;R$ 109,00;Pago;1/1;01.11.02-MOTOBOY EXTERNO;Inverno D´Italia Bragança Paulista
02.08-Vale Transporte;Saída do caixa 1819. FEH, GLEICA, JULIA, EMILY E AMANDA;04/06/2022;04/06/2022;R$ 60,00;R$ 60,00;Pago;1/1;02.08.01-TRANSPORTE;Inverno D´Italia Bragança Paulista
01.06-Freelance-Temporario;Saída do caixa 1819. JULIA, AMANDA E EMILY;04/06/2022;04/06/2022;R$ 150,00;R$ 150,00;Pago;1/1;01.06.01-Colaboradora Freelance;Inverno D´Italia Bragança Paulista
01.16-Doces;REAL BOLOS;04/06/2022;04/06/2022;R$ 43,00;R$ 43,00;Pago;1/1;01.16.07-Real Bolos;Inverno D´Italia Bragança Paulista
01.15-Mercado;COMERCIAL ESPERANÇA;04/06/2022;04/06/2022;R$ 396,34;R$ 396,34;Pago;1/1;01.15.09-Comercial Esperança;Inverno D´Italia Bragança Paulista
01.17-Hortifruti;VAREJAO;04/06/2022;04/06/2022;R$ 45,00;R$ 45,00;Pago;1/1;01.17.01-Varejão;Inverno D´Italia Bragança Paulista
01.13-Embalagens;PONTO CERTO;04/06/2022;04/06/2022;R$ 182,38;R$ 182,38;Pago;1/1;01.13.01-Ponto certo;Inverno D´Italia Bragança Paulista
01.20-Salgados;ALTEROSA;04/06/2022;04/06/2022;R$ 80,90;R$ 80,90;Pago;1/1;01.20.01-Alterosa;Inverno D´Italia Bragança Paulista
01.13-Embalagens;PONTO CERTO;04/06/2022;04/06/2022;R$ 128,80;R$ 128,80;Pago;1/1;01.13.01-Ponto certo;Inverno D´Italia Bragança Paulista
03.03-Instalações Gerais;AR CONDICIONADO;04/05/2022;;R$ 312,00;;Atrasada;3/5;;Inverno D´Italia Bragança Paulista
01.16-Doces;Saída do caixa 1788. rafinee;04/05/2022;04/05/2022;R$ 100,00;R$ 100,00;Pago;1/1;01.16.04-Rafineé;Inverno D´Italia Bragança Paulista
02.08-Vale Transporte;Saída do caixa 1788. v.t;04/05/2022;04/05/2022;R$ 50,00;R$ 50,00;Pago;1/1;02.08.01-TRANSPORTE;Inverno D´Italia Bragança Paulista
02.14-FreeLance;Saída do caixa 1788. free;04/05/2022;04/05/2022;R$ 144,00;R$ 144,00;Pago;1/1;02.14.01-Freelance Balconista;Inverno D´Italia Bragança Paulista
01.17-Hortifruti;Saída do caixa 1788. varejao;04/05/2022;04/05/2022;R$ 85,00;R$ 85,00;Pago;1/1;01.17.01-Varejão;Inverno D´Italia Bragança Paulista
01.11-Delivery;Saída do caixa 1788. antonio 41;04/05/2022;04/05/2022;R$ 295,00;R$ 295,00;Pago;1/1;01.11.01-MOTOBOY INTERNO;Inverno D´Italia Bragança Paulista
01.11-Delivery;Saída do caixa 1788. lucas 1;04/05/2022;04/05/2022;R$ 6,00;R$ 6,00;Pago;1/1;01.11.02-MOTOBOY EXTERNO;Inverno D´Italia Bragança Paulista
01.11-Delivery;Saída do caixa 1788. rodrigo 3;04/05/2022;04/05/2022;R$ 20,00;R$ 20,00;Pago;1/1;01.11.02-MOTOBOY EXTERNO;Inverno D´Italia Bragança Paulista
02.14-FreeLance;Saída do caixa 1788. free referente ao dia 03/05;04/05/2022;04/05/2022;R$ 96,00;R$ 96,00;Pago;1/1;02.14.01-Freelance Balconista;Inverno D´Italia Bragança Paulista
01.13-Embalagens;PONTO CERTO;04/05/2022;09/05/2022;R$ 57,80;R$ 57,80;Pago;1/1;01.13.01-Ponto certo;Inverno D´Italia Bragança Paulista
02.14-FreeLance;Saída do caixa 1818. FREE;03/06/2022;03/06/2022;R$ 150,00;R$ 150,00;Pago;1/1;02.14.01-Freelance Balconista;Inverno D´Italia Bragança Paulista
02.08-Vale Transporte;Saída do caixa 1818. V.T;03/06/2022;03/06/2022;R$ 70,00;R$ 70,00;Pago;1/1;02.08.01-TRANSPORTE;Inverno D´Italia Bragança Paulista
01.11-Delivery;Saída do caixa 1818. RODRIGO;03/06/2022;03/06/2022;R$ 38,00;R$ 38,00;Pago;1/1;01.11.02-MOTOBOY EXTERNO;Inverno D´Italia Bragança Paulista
01.11-Delivery;Saída do caixa 1818. LUCAS;03/06/2022;03/06/2022;R$ 16,00;R$ 16,00;Pago;1/1;01.11.02-MOTOBOY EXTERNO;Inverno D´Italia Bragança Paulista
02.08-Vale Transporte;Saída do caixa 1818. ADRIANE V.T 04/06;03/06/2022;03/06/2022;R$ 10,00;R$ 10,00;Pago;1/1;02.08.01-TRANSPORTE;Inverno D´Italia Bragança Paulista
01.16-Doces;Saída do caixa 1818. COXINHA DE MORANGO;03/06/2022;03/06/2022;R$ 60,00;R$ 60,00;Pago;1/1;;Inverno D´Italia Bragança Paulista
01.11-Delivery;Saída do caixa 1818. MANOEL;03/06/2022;03/06/2022;R$ 91,00;R$ 91,00;Pago;1/1;01.11.02-MOTOBOY EXTERNO;Inverno D´Italia Bragança Paulista
02.14-FreeLance;Saída do caixa 1818. FREE;03/06/2022;03/06/2022;R$ 50,00;R$ 50,00;Pago;1/1;02.14.01-Freelance Balconista;Inverno D´Italia Bragança Paulista
01.12-Papelaria;PAPELARIA;03/06/2022;04/06/2022;R$ 72,00;R$ 72,00;Pago;1/1;01.12.01-Papelaria São Benedito;Inverno D´Italia Bragança Paulista
01.16-Doces;REAL BOLOS;03/06/2022;04/06/2022;R$ 162,00;R$ 162,00;Pago;1/1;01.16.07-Real Bolos;Inverno D´Italia Bragança Paulista
01.20-Salgados;ALTEROSA;03/06/2022;04/06/2022;R$ 40,90;R$ 40,90;Pago;1/1;01.20.01-Alterosa;Inverno D´Italia Bragança Paulista
01.17-Hortifruti;POLPAS E FRUTAS;03/06/2022;04/06/2022;R$ 741,00;R$ 741,00;Pago;1/1;01.17.02- M&E POUPAS E FRUTAS CONGELADAS;Inverno D´Italia Bragança Paulista
01.12-Papelaria;PAPELANDIA;03/06/2022;04/06/2022;R$ 139,00;R$ 139,00;Pago;1/1;01.12.02-Papelaria Papelândia;Inverno D´Italia Bragança Paulista
01.17-Hortifruti;VAREJAO;03/06/2022;04/06/2022;R$ 40,00;R$ 40,00;Pago;1/1;01.17.01-Varejão;Inverno D´Italia Bragança Paulista
03.04-Outros Equipamentos;BLE BLUE;03/06/2022;11/06/2022;R$ 152,17;R$ 152,17;Pago;1/1;;Inverno D´Italia Bragança Paulista
01.15-Mercado;SPANI;03/06/2022;11/06/2022;R$ 39,90;R$ 39,90;Pago;1/1;01.15.06-SPANI;Inverno D´Italia Bragança Paulista
01.04-Telefone Fixo/ vivo;VIVO;03/06/2022;11/06/2022;R$ 139,98;R$ 139,98;Pago;1/1;01.04.01 Vivo;Inverno D´Italia Bragança Paulista
01.15-Mercado;VENCEDOR;03/06/2022;11/06/2022;R$ 139,59;R$ 139,59;Pago;1/1;01.15.07-SUPERMERCADO VENCEDOR;Inverno D´Italia Bragança Paulista
01.15-Mercado;COMERCIAL ESPERANÇA;03/06/2022;11/06/2022;R$ 412,47;R$ 412,47;Pago;1/1;01.15.09-Comercial Esperança;Inverno D´Italia Bragança Paulista
01.19-Laticínios;PMG;03/05/2022;03/05/2022;R$ 1.899,10;R$ 1.899,10;Pago;1/1;01.15.19 - PMG- Pama comercio de alimentos;Inverno D´Italia Bragança Paulista
01.11-Delivery;Saída do caixa 1787. ANTONIO 23;03/05/2022;03/05/2022;R$ 153,00;R$ 153,00;Pago;1/1;01.11.01-MOTOBOY INTERNO;Inverno D´Italia Bragança Paulista
02.14-FreeLance;Saída do caixa 1787. FREE;03/05/2022;03/05/2022;R$ 48,00;R$ 48,00;Pago;1/1;02.14.01-Freelance Balconista;Inverno D´Italia Bragança Paulista
02.08-Vale Transporte;Saída do caixa 1787. V.T;03/05/2022;03/05/2022;R$ 70,00;R$ 70,00;Pago;1/1;02.08.01-TRANSPORTE;Inverno D´Italia Bragança Paulista
01.13-Embalagens;Saída do caixa 1787. PONTO CERTO;03/05/2022;03/05/2022;R$ 242,27;R$ 242,27;Pago;1/1;01.13.01-Ponto certo;Inverno D´Italia Bragança Paulista
01.11-Delivery;Saída do caixa 1787. CORRIDAS LUCAS;03/05/2022;03/05/2022;R$ 23,00;R$ 23,00;Pago;1/1;01.11.02-MOTOBOY EXTERNO;Inverno D´Italia Bragança Paulista
01.11-Delivery;Saída do caixa 1787. CORRIDAS PAULINHO;03/05/2022;03/05/2022;R$ 12,00;R$ 12,00;Pago;1/1;01.11.02-MOTOBOY EXTERNO;Inverno D´Italia Bragança Paulista
01.13-Embalagens;Saída do caixa 1787. PONTO CERTO;03/05/2022;03/05/2022;R$ 62,00;R$ 62,00;Pago;1/1;01.13.01-Ponto certo;Inverno D´Italia Bragança Paulista
01.16-Doces;Saída do caixa 1787. COXINHA DE BRIGADEIRO;03/05/2022;03/05/2022;R$ 60,00;R$ 60,00;Pago;1/1;;Inverno D´Italia Bragança Paulista
01.16-Doces;Saída do caixa 1787. REAL BOLOS;03/05/2022;03/05/2022;R$ 60,00;R$ 60,00;Pago;1/1;01.16.07-Real Bolos;Inverno D´Italia Bragança Paulista
02.11-Adiantamento;Saída do caixa 1787. GLEICA;03/05/2022;03/05/2022;R$ 60,00;R$ 60,00;Pago;1/1;02.11.01-Colaborador Funcionario;Inverno D´Italia Bragança Paulista
02.14-FreeLance;Saída do caixa 1817. FREE;02/06/2022;02/06/2022;R$ 100,00;R$ 100,00;Pago;1/1;02.14.01-Freelance Balconista;Inverno D´Italia Bragança Paulista
02.08-Vale Transporte;Saída do caixa 1817. V.T;02/06/2022;02/06/2022;R$ 50,00;R$ 50,00;Pago;1/1;02.08.01-TRANSPORTE;Inverno D´Italia Bragança Paulista
01.11-Delivery;Saída do caixa 1817. RODRIGO;02/06/2022;02/06/2022;R$ 80,00;R$ 80,00;Pago;1/1;01.11.02-MOTOBOY EXTERNO;Inverno D´Italia Bragança Paulista
01.11-Delivery;Saída do caixa 1817. LUCAS;02/06/2022;02/06/2022;R$ 10,00;R$ 10,00;Pago;1/1;01.11.02-MOTOBOY EXTERNO;Inverno D´Italia Bragança Paulista
01.11-Delivery;Saída do caixa 1817. 2R;02/06/2022;02/06/2022;R$ 12,00;R$ 12,00;Pago;1/1;01.11.03-2R;Inverno D´Italia Bragança Paulista
06.06-Estorno Cliente;Saída do caixa 1817. ESTORNO;02/06/2022;02/06/2022;R$ 5,00;R$ 5,00;Pago;1/1;06.06.01 - Estorno Cliente;Inverno D´Italia Bragança Paulista
01.12-Papelaria;Saída do caixa 1817. PAPELARIA;02/06/2022;02/06/2022;R$ 30,00;R$ 30,00;Pago;1/1;01.12.01-Papelaria São Benedito;Inverno D´Italia Bragança Paulista
01.13-Embalagens;PONTO CERTO;02/06/2022;02/06/2022;R$ 68,50;R$ 68,50;Pago;1/1;01.13.01-Ponto certo;Inverno D´Italia Bragança Paulista
01.13-Embalagens;PONTO CERTO;02/06/2022;02/06/2022;R$ 152,26;R$ 152,26;Pago;1/1;01.13.01-Ponto certo;Inverno D´Italia Bragança Paulista
01.20-Salgados;ALTEROSA;02/06/2022;02/06/2022;R$ 307,80;R$ 307,80;Pago;1/1;01.20.01-Alterosa;Inverno D´Italia Bragança Paulista
01.16-Doces;REAL BOLOS;02/06/2022;02/06/2022;R$ 205,00;R$ 205,00;Pago;1/1;01.16.07-Real Bolos;Inverno D´Italia Bragança Paulista
01.21-FRANQUIA-Pedido semanal;FRANQUIA;02/06/2022;02/06/2022;R$ 9.758,02;R$ 9.758,02;Pago;1/1;01.21.01 -Franquia Inverno Ditalia;Inverno D´Italia Bragança Paulista
01.11-Delivery;Saída do caixa 1786. CORRIDAS ANTONIO 21;02/05/2022;02/05/2022;R$ 144,00;R$ 144,00;Pago;1/1;01.11.01-MOTOBOY INTERNO;Inverno D´Italia Bragança Paulista
02.14-FreeLance;Saída do caixa 1786. FREE;02/05/2022;02/05/2022;R$ 144,00;R$ 144,00;Pago;1/1;02.14.01-Freelance Balconista;Inverno D´Italia Bragança Paulista
02.08-Vale Transporte;Saída do caixa 1786. V.T;02/05/2022;02/05/2022;R$ 80,00;R$ 80,00;Pago;1/1;02.08.01-TRANSPORTE;Inverno D´Italia Bragança Paulista
01.20-Salgados;Saída do caixa 1786. PÃO;02/05/2022;02/05/2022;R$ 8,00;R$ 8,00;Pago;1/1;;Inverno D´Italia Bragança Paulista
01.11-Delivery;Saída do caixa 1786. LUCAS;02/05/2022;02/05/2022;R$ 13,00;R$ 13,00;Pago;1/1;01.11.01-MOTOBOY INTERNO;Inverno D´Italia Bragança Paulista
01.11-Delivery;Saída do caixa 1786. CORRIDAS RODRIGO;02/05/2022;02/05/2022;R$ 14,00;R$ 14,00;Pago;1/1;;Inverno D´Italia Bragança Paulista
01.13-Embalagens;Saída do caixa 1786. CAIXA DE GUARDANAPO;02/05/2022;02/05/2022;R$ 125,00;R$ 125,00;Pago;1/1;01.13.03-RENATO EMBALAGENS;Inverno D´Italia Bragança Paulista
01.16-Doces;Saída do caixa 1786. REAL BOLOS;02/05/2022;02/05/2022;R$ 76,00;R$ 76,00;Pago;1/1;01.16.07-Real Bolos;Inverno D´Italia Bragança Paulista
01.17-Hortifruti;Saída do caixa 1786. VAREJÃO;02/05/2022;02/05/2022;R$ 47,00;R$ 47,00;Pago;1/1;01.17.01-Varejão;Inverno D´Italia Bragança Paulista
01.20-Salgados;Saída do caixa 1786. ALTEROSA;02/05/2022;02/05/2022;R$ 195,40;R$ 195,40;Pago;1/1;01.20.01-Alterosa;Inverno D´Italia Bragança Paulista
01.15-Mercado;Saída do caixa 1786. JOEL AGUA;02/05/2022;02/05/2022;R$ 86,00;R$ 86,00;Pago;1/1;;Inverno D´Italia Bragança Paulista
06.09-Convenio;FARMACIA CENTRAL;02/05/2022;10/05/2022;R$ 156,91;R$ 156,91;Pago;1/1;06.09.01-FARMACIA CENTRAL;Inverno D´Italia Bragança Paulista
06.09-Convenio;FARMACIA;02/05/2022;10/05/2022;R$ 222,35;R$ 222,35;Pago;1/1;06.09.01-FARMACIA CENTRAL;Inverno D´Italia Bragança Paulista
01.15-Mercado;COMERCIAL ESPERANÇA;02/05/2022;10/05/2022;R$ 772,53;R$ 772,53;Pago;1/1;01.15.09-Comercial Esperança;Inverno D´Italia Bragança Paulista
01.15-Mercado;VENCEDOR;02/05/2022;10/05/2022;R$ 89,76;R$ 89,76;Pago;1/1;01.15.07-SUPERMERCADO VENCEDOR;Inverno D´Italia Bragança Paulista
01.15-Mercado;CLUB DO CHOCOLATE;02/05/2022;10/05/2022;R$ 149,30;R$ 149,30;Pago;1/1;01.15.01-Clube do chocolate;Inverno D´Italia Bragança Paulista
02.14-FreeLance;Saída do caixa 1816. FREE;01/06/2022;01/06/2022;R$ 144,00;R$ 144,00;Pago;1/1;02.14.01-Freelance Balconista;Inverno D´Italia Bragança Paulista
02.08-Vale Transporte;Saída do caixa 1816. V.T;01/06/2022;01/06/2022;R$ 80,00;R$ 80,00;Pago;1/1;02.08.01-TRANSPORTE;Inverno D´Italia Bragança Paulista
01.11-Delivery;Saída do caixa 1816. HEBERT;01/06/2022;01/06/2022;R$ 63,00;R$ 63,00;Pago;1/1;01.11.02-MOTOBOY EXTERNO;Inverno D´Italia Bragança Paulista
01.11-Delivery;Saída do caixa 1816. RODRIGO;01/06/2022;01/06/2022;R$ 63,00;R$ 63,00;Pago;1/1;01.11.02-MOTOBOY EXTERNO;Inverno D´Italia Bragança Paulista
01.16-Doces;Saída do caixa 1816. CONES;01/06/2022;01/06/2022;R$ 60,00;R$ 60,00;Pago;1/1;;Inverno D´Italia Bragança Paulista
01.11-Delivery;Saída do caixa 1816. CORRIDA;01/06/2022;01/06/2022;R$ 12,00;R$ 12,00;Pago;1/1;01.11.02-MOTOBOY EXTERNO;Inverno D´Italia Bragança Paulista
01.17-Hortifruti;Saída do caixa 1816. VAREJAO;01/06/2022;01/06/2022;R$ 85,00;R$ 85,00;Pago;1/1;01.17.01-Varejão;Inverno D´Italia Bragança Paulista
06.09-Convenio;CONVENIO PORTO SEGURO;01/06/2022;02/06/2022;R$ 1.615,83;R$ 1.615,83;Pago;1/1;;Inverno D´Italia Bragança Paulista
01.22-FRANQUIA-Frete Semanal;FRETE SEMANAL;01/06/2022;02/06/2022;R$ 1.100,00;R$ 1.100,00;Pago;1/1;01.22.01 - Franquia - Frete Semanal;Inverno D´Italia Bragança Paulista
02.10-Vale Refeição;CASARAO;01/06/2022;02/06/2022;R$ 1.166,54;R$ 1.166,54;Pago;1/1;02.10.01 - Restaurante Casarão;Inverno D´Italia Bragança Paulista
01.15-Mercado;COMERCIAL ESPERANÇA;01/06/2022;02/06/2022;R$ 277,93;R$ 277,93;Pago;1/1;01.15.09-Comercial Esperança;Inverno D´Italia Bragança Paulista
02.08-Vale Transporte;Saída do caixa 1785. EMILY, DRII, FERNANDA;01/05/2022;01/05/2022;R$ 30,00;R$ 30,00;Pago;1/1;02.08.01-TRANSPORTE;Inverno D´Italia Bragança Paulista
01.06-Freelance-Temporario;Saída do caixa 1785. EMILY, DRII;01/05/2022;01/05/2022;R$ 96,00;R$ 96,00;Pago;1/1;01.06.01-Colaboradora Freelance;Inverno D´Italia Bragança Paulista
02.05-Horas Extras;Saída do caixa 1785. EMILY DRII;01/05/2022;01/05/2022;R$ 42,00;R$ 42,00;Pago;1/1;02.05.01 - Hora Extra colaboradores;Inverno D´Italia Bragança Paulista
01.11-Delivery;Saída do caixa 1785. 2R;01/05/2022;01/05/2022;R$ 6,00;R$ 6,00;Pago;1/1;01.11.03-2R;Inverno D´Italia Bragança Paulista
